LIGAND<-PROTEIN	RHQ/A/2001	
ASP/A/7	0	
ARG/A/8	0	
PRO/A/9	0	
ILE/A/10	0	
PHE/A/11	0	
ALA/A/12	0	
TRP/A/13	0	
VAL/A/14	0	
ILE/A/15	0	
ALA/A/16	0	
ILE/A/17	0	
ILE/A/18	0	
ILE/A/19	0	
MET/A/20	0	
LEU/A/21	0	
ALA/A/22	0	
GLY/A/23	0	
GLY/A/24	0	
LEU/A/25	1.66264	
ALA/A/26	0	
ILE/A/27	0	
LEU/A/28	0	
LYS/A/29	21.7678	
LEU/A/30	0	
PRO/A/31	0	
VAL/A/32	0	
ALA/A/33	0	
GLN/A/34	0	
TYR/A/35	0	
PRO/A/36	0	
THR/A/37	0	
ILE/A/38	0	
ALA/A/39	0	
PRO/A/40	0	
PRO/A/41	0	
ALA/A/42	0	
VAL/A/43	0	
THR/A/44	0	
ILE/A/45	0	
SER/A/46	0	
ALA/A/47	0	
SER/A/48	0	
TYR/A/49	0	
PRO/A/50	0	
GLY/A/51	0	
ALA/A/52	0	
ASP/A/53	0	
ALA/A/54	0	
LYS/A/55	0	
THR/A/56	0	
VAL/A/57	0	
GLN/A/58	0	
ASP/A/59	0	
THR/A/60	0	
VAL/A/61	0	
THR/A/62	0	
GLN/A/63	0	
VAL/A/64	0	
ILE/A/65	0	
GLU/A/66	0	
GLN/A/67	0	
ASN/A/68	0	
MET/A/69	0	
ASN/A/70	0	
GLY/A/71	0	
ILE/A/72	0	
ASP/A/73	0	
ASN/A/74	0	
LEU/A/75	0	
MET/A/76	0	
TYR/A/77	0	
MET/A/78	0	
SER/A/79	0	
SER/A/80	0	
ASN/A/81	0	
SER/A/82	0	
ASP/A/83	0	
SER/A/84	0	
THR/A/85	0	
GLY/A/86	0	
THR/A/87	0	
VAL/A/88	0	
GLN/A/89	0	
ILE/A/90	0	
THR/A/91	0	
LEU/A/92	0	
THR/A/93	0	
PHE/A/94	0	
GLU/A/95	0	
SER/A/96	0	
GLY/A/97	0	
THR/A/98	0	
ASP/A/99	0	
ALA/A/100	0	
ASP/A/101	0	
ILE/A/102	0	
ALA/A/103	0	
GLN/A/104	0	
VAL/A/105	0	
GLN/A/106	0	
VAL/A/107	0	
GLN/A/108	0	
ASN/A/109	0	
LYS/A/110	0	
LEU/A/111	0	
GLN/A/112	0	
LEU/A/113	0	
ALA/A/114	0	
MET/A/115	0	
PRO/A/116	0	
LEU/A/117	0	
LEU/A/118	0	
PRO/A/119	0	
GLN/A/120	0	
GLU/A/121	0	
VAL/A/122	0	
GLN/A/123	0	
GLN/A/124	0	
GLN/A/125	0	
GLY/A/126	0	
VAL/A/127	0	
SER/A/128	0	
VAL/A/129	0	
GLU/A/130	0	
LYS/A/131	0	
SER/A/132	0	
SER/A/133	0	
SER/A/134	0	
SER/A/135	0	
PHE/A/136	0	
LEU/A/137	0	
MET/A/138	0	
VAL/A/139	0	
VAL/A/140	0	
GLY/A/141	0	
VAL/A/142	0	
ILE/A/143	0	
ASN/A/144	0	
THR/A/145	0	
ASP/A/146	0	
GLY/A/147	0	
THR/A/148	0	
MET/A/149	0	
THR/A/150	0	
GLN/A/151	0	
GLU/A/152	0	
ASP/A/153	0	
ILE/A/154	0	
SER/A/155	0	
ASP/A/156	0	
TYR/A/157	0	
VAL/A/158	0	
ALA/A/159	0	
ALA/A/160	0	
ASN/A/161	0	
MET/A/162	0	
LYS/A/163	0	
ASP/A/164	0	
ALA/A/165	0	
ILE/A/166	0	
SER/A/167	0	
ARG/A/168	0	
THR/A/169	0	
SER/A/170	0	
GLY/A/171	0	
VAL/A/172	0	
GLY/A/173	0	
ASP/A/174	0	
VAL/A/175	0	
GLN/A/176	0	
LEU/A/177	0	
PHE/A/178	0	
GLY/A/179	0	
SER/A/180	0	
GLN/A/181	0	
TYR/A/182	0	
ALA/A/183	0	
MET/A/184	0	
ARG/A/185	0	
ILE/A/186	0	
TRP/A/187	0	
MET/A/188	0	
ASN/A/189	0	
PRO/A/190	0	
ASN/A/191	0	
GLU/A/192	0	
LEU/A/193	0	
ASN/A/194	0	
LYS/A/195	0	
PHE/A/196	0	
GLN/A/197	0	
LEU/A/198	0	
THR/A/199	0	
PRO/A/200	0	
VAL/A/201	0	
ASP/A/202	0	
VAL/A/203	0	
ILE/A/204	0	
THR/A/205	0	
ALA/A/206	0	
ILE/A/207	0	
LYS/A/208	0	
ALA/A/209	0	
GLN/A/210	0	
ASN/A/211	0	
ALA/A/212	0	
GLN/A/213	0	
VAL/A/214	0	
ALA/A/215	0	
ALA/A/216	0	
GLY/A/217	0	
GLN/A/218	0	
LEU/A/219	0	
GLY/A/220	0	
GLY/A/221	0	
THR/A/222	0	
PRO/A/223	0	
PRO/A/224	0	
VAL/A/225	0	
LYS/A/226	0	
GLY/A/227	0	
GLN/A/228	0	
GLN/A/229	0	
LEU/A/230	0	
ASN/A/231	0	
ALA/A/232	0	
SER/A/233	0	
ILE/A/234	0	
ILE/A/235	0	
ALA/A/236	0	
GLN/A/237	0	
THR/A/238	0	
ARG/A/239	0	
LEU/A/240	0	
THR/A/241	0	
SER/A/242	0	
THR/A/243	0	
GLU/A/244	0	
GLU/A/245	0	
PHE/A/246	0	
GLY/A/247	0	
LYS/A/248	0	
ILE/A/249	0	
LEU/A/250	0	
LEU/A/251	0	
LYS/A/252	0	
VAL/A/253	0	
ASN/A/254	0	
GLN/A/255	0	
ASP/A/256	0	
GLY/A/257	0	
SER/A/258	0	
ARG/A/259	0	
VAL/A/260	0	
LEU/A/261	0	
LEU/A/262	0	
ARG/A/263	0	
ASP/A/264	0	
VAL/A/265	0	
ALA/A/266	0	
LYS/A/267	0	
ILE/A/268	0	
GLU/A/269	0	
LEU/A/270	0	
GLY/A/271	0	
GLY/A/272	0	
GLU/A/273	0	
ASN/A/274	0	
TYR/A/275	0	
ASP/A/276	0	
ILE/A/277	0	
ILE/A/278	0	
ALA/A/279	0	
GLU/A/280	0	
PHE/A/281	0	
ASN/A/282	0	
GLY/A/283	0	
GLN/A/284	0	
PRO/A/285	0	
ALA/A/286	0	
SER/A/287	0	
GLY/A/288	0	
LEU/A/289	0	
GLY/A/290	0	
ILE/A/291	0	
LYS/A/292	0	
LEU/A/293	0	
ALA/A/294	0	
THR/A/295	0	
GLY/A/296	0	
ALA/A/297	0	
ASN/A/298	0	
ALA/A/299	0	
LEU/A/300	0	
ASP/A/301	0	
THR/A/302	0	
ALA/A/303	0	
ALA/A/304	0	
ALA/A/305	0	
ILE/A/306	0	
ARG/A/307	0	
ALA/A/308	0	
GLU/A/309	0	
LEU/A/310	0	
ALA/A/311	0	
LYS/A/312	0	
MET/A/313	0	
GLU/A/314	0	
PRO/A/315	0	
PHE/A/316	0	
PHE/A/317	0	
PRO/A/318	0	
SER/A/319	0	
GLY/A/320	0	
LEU/A/321	0	
LYS/A/322	0	
ILE/A/323	0	
VAL/A/324	0	
TYR/A/325	0	
PRO/A/326	0	
TYR/A/327	0	
ASP/A/328	0	
THR/A/329	0	
THR/A/330	0	
PRO/A/331	0	
PHE/A/332	0	
VAL/A/333	0	
LYS/A/334	0	
ILE/A/335	0	
SER/A/336	0	
ILE/A/337	0	
HIS/A/338	0	
GLU/A/339	0	
VAL/A/340	0	
VAL/A/341	0	
LYS/A/342	0	
THR/A/343	0	
LEU/A/344	0	
VAL/A/345	0	
GLU/A/346	0	
ALA/A/347	0	
ILE/A/348	0	
ILE/A/349	0	
LEU/A/350	0	
VAL/A/351	0	
PHE/A/352	0	
LEU/A/353	0	
VAL/A/354	0	
MET/A/355	0	
TYR/A/356	0	
LEU/A/357	0	
PHE/A/358	0	
LEU/A/359	0	
GLN/A/360	0	
ASN/A/361	0	
PHE/A/362	0	
ARG/A/363	0	
ALA/A/364	0	
THR/A/365	0	
LEU/A/366	0	
ILE/A/367	0	
PRO/A/368	0	
THR/A/369	0	
ILE/A/370	0	
ALA/A/371	0	
VAL/A/372	0	
PRO/A/373	0	
VAL/A/374	0	
VAL/A/375	0	
LEU/A/376	0	
LEU/A/377	0	
GLY/A/378	0	
THR/A/379	0	
PHE/A/380	0	
ALA/A/381	0.983372	
VAL/A/382	47.5489	
LEU/A/383	0	
ALA/A/384	0	
ALA/A/385	155.715	
PHE/A/386	8.10003	
GLY/A/387	0	
PHE/A/388	0	
SER/A/389	0	
ILE/A/390	0	
ASN/A/391	0	
THR/A/392	0	
LEU/A/393	0	
THR/A/394	0	
MET/A/395	0	
PHE/A/396	0	
GLY/A/397	0	
MET/A/398	0	
VAL/A/399	0	
LEU/A/400	0	
ALA/A/401	0	
ILE/A/402	0	
GLY/A/403	0	
LEU/A/404	0	
LEU/A/405	0	
VAL/A/406	0	
ASP/A/407	0	
ASP/A/408	0	
ALA/A/409	0	
ILE/A/410	0	
VAL/A/411	0	
VAL/A/412	0	
VAL/A/413	0	
GLU/A/414	0	
ASN/A/415	0	
VAL/A/416	0	
GLU/A/417	0	
ARG/A/418	0	
VAL/A/419	0	
MET/A/420	0	
ALA/A/421	0	
GLU/A/422	0	
GLU/A/423	0	
GLY/A/424	0	
LEU/A/425	0	
PRO/A/426	0	
PRO/A/427	0	
LYS/A/428	0	
GLU/A/429	0	
ALA/A/430	0	
THR/A/431	0	
ARG/A/432	0	
LYS/A/433	0	
SER/A/434	0	
MET/A/435	0	
GLY/A/436	0	
GLN/A/437	0	
ILE/A/438	0	
GLN/A/439	0	
GLY/A/440	0	
ALA/A/441	0	
LEU/A/442	0	
VAL/A/443	0	
GLY/A/444	0	
ILE/A/445	0	
ALA/A/446	0	
MET/A/447	0	
VAL/A/448	0	
LEU/A/449	0	
SER/A/450	0	
ALA/A/451	0	
VAL/A/452	0	
PHE/A/453	0	
VAL/A/454	0	
PRO/A/455	0	
MET/A/456	0	
ALA/A/457	0	
PHE/A/458	0	
PHE/A/459	0	
GLY/A/460	0	
GLY/A/461	0	
SER/A/462	0	
THR/A/463	0	
GLY/A/464	0	
ALA/A/465	0	
ILE/A/466	0	
TYR/A/467	0	
ARG/A/468	0	
GLN/A/469	0	
PHE/A/470	0	
SER/A/471	0	
ILE/A/472	0	
THR/A/473	0	
ILE/A/474	0	
VAL/A/475	0	
SER/A/476	0	
ALA/A/477	0	
MET/A/478	0	
ALA/A/479	0	
LEU/A/480	5.17976	
SER/A/481	0	
VAL/A/482	0	
LEU/A/483	3.26559	
VAL/A/484	0	
ALA/A/485	0	
LEU/A/486	0	
ILE/A/487	0	
LEU/A/488	0	
THR/A/489	0	
PRO/A/490	0	
ALA/A/491	0	
LEU/A/492	0	
CYS/A/493	0	
ALA/A/494	0	
THR/A/495	0	
MET/A/496	0	
LEU/A/497	0	
LYS/A/498	0	
PHE/A/513	0	
GLY/A/514	0	
TRP/A/515	0	
PHE/A/516	0	
ASN/A/517	0	
ARG/A/518	0	
MET/A/519	0	
PHE/A/520	0	
GLU/A/521	0	
LYS/A/522	0	
SER/A/523	0	
THR/A/524	0	
HIS/A/525	0	
HIS/A/526	0	
TYR/A/527	0	
THR/A/528	0	
ASP/A/529	0	
SER/A/530	0	
VAL/A/531	0	
GLY/A/532	0	
GLY/A/533	0	
ILE/A/534	0	
LEU/A/535	0	
ARG/A/536	0	
SER/A/537	0	
THR/A/538	0	
GLY/A/539	0	
ARG/A/540	0	
TYR/A/541	0	
LEU/A/542	0	
VAL/A/543	0	
LEU/A/544	0	
TYR/A/545	0	
LEU/A/546	0	
ILE/A/547	0	
ILE/A/548	0	
VAL/A/549	0	
VAL/A/550	0	
GLY/A/551	0	
MET/A/552	0	
ALA/A/553	0	
TYR/A/554	0	
LEU/A/555	0	
PHE/A/556	0	
VAL/A/557	0	
ARG/A/558	0	
LEU/A/559	0	
PRO/A/560	0	
SER/A/561	0	
SER/A/562	0	
PHE/A/563	0	
LEU/A/564	0	
PRO/A/565	0	
ASP/A/566	0	
GLU/A/567	0	
ASP/A/568	0	
GLN/A/569	0	
GLY/A/570	0	
VAL/A/571	0	
PHE/A/572	0	
MET/A/573	0	
THR/A/574	0	
MET/A/575	0	
VAL/A/576	0	
GLN/A/577	0	
LEU/A/578	0	
PRO/A/579	0	
ALA/A/580	0	
GLY/A/581	0	
ALA/A/582	0	
THR/A/583	0	
GLN/A/584	0	
GLU/A/585	0	
ARG/A/586	0	
THR/A/587	0	
GLN/A/588	0	
LYS/A/589	0	
VAL/A/590	0	
LEU/A/591	0	
ASN/A/592	0	
GLU/A/593	0	
VAL/A/594	0	
THR/A/595	0	
HIS/A/596	0	
TYR/A/597	0	
TYR/A/598	0	
LEU/A/599	0	
THR/A/600	0	
LYS/A/601	0	
GLU/A/602	0	
LYS/A/603	0	
ASN/A/604	0	
ASN/A/605	0	
VAL/A/606	0	
GLU/A/607	0	
SER/A/608	0	
VAL/A/609	0	
PHE/A/610	0	
ALA/A/611	0	
VAL/A/612	0	
ASN/A/613	0	
GLY/A/614	0	
PHE/A/615	0	
GLY/A/616	0	
PHE/A/617	0	
ALA/A/618	0	
GLY/A/619	0	
ARG/A/620	0	
GLY/A/621	0	
GLN/A/622	0	
ASN/A/623	0	
THR/A/624	0	
GLY/A/625	0	
ILE/A/626	0	
ALA/A/627	0	
PHE/A/628	0	
VAL/A/629	0	
SER/A/630	0	
LEU/A/631	0	
LYS/A/632	0	
ASP/A/633	0	
TRP/A/634	0	
ALA/A/635	0	
ASP/A/636	0	
ARG/A/637	0	
PRO/A/638	0	
GLY/A/639	0	
GLU/A/640	0	
GLU/A/641	0	
ASN/A/642	0	
LYS/A/643	0	
VAL/A/644	0	
GLU/A/645	0	
ALA/A/646	0	
ILE/A/647	0	
THR/A/648	0	
MET/A/649	0	
ARG/A/650	0	
ALA/A/651	0	
THR/A/652	0	
ARG/A/653	0	
ALA/A/654	0	
PHE/A/655	0	
SER/A/656	0	
GLN/A/657	0	
ILE/A/658	0	
LYS/A/659	0	
ASP/A/660	0	
ALA/A/661	0	
MET/A/662	0	
VAL/A/663	0	
PHE/A/664	0	
ALA/A/665	0	
PHE/A/666	0	
ASN/A/667	0	
LEU/A/668	0	
PRO/A/669	0	
ALA/A/670	0	
ILE/A/671	0	
VAL/A/672	0	
GLU/A/673	0	
LEU/A/674	0	
GLY/A/675	0	
THR/A/676	0	
ALA/A/677	0	
THR/A/678	0	
GLY/A/679	0	
PHE/A/680	0	
ASP/A/681	0	
PHE/A/682	0	
GLU/A/683	0	
LEU/A/684	0	
ILE/A/685	0	
ASP/A/686	0	
GLN/A/687	0	
ALA/A/688	0	
GLY/A/689	0	
LEU/A/690	0	
GLY/A/691	0	
HIS/A/692	0	
GLU/A/693	0	
LYS/A/694	0	
LEU/A/695	0	
THR/A/696	0	
GLN/A/697	0	
ALA/A/698	0	
ARG/A/699	0	
ASN/A/700	0	
GLN/A/701	0	
LEU/A/702	0	
LEU/A/703	0	
ALA/A/704	0	
GLU/A/705	0	
ALA/A/706	0	
ALA/A/707	0	
LYS/A/708	0	
HIS/A/709	0	
PRO/A/710	0	
MET/A/712	0	
LEU/A/713	0	
THR/A/714	0	
SER/A/715	0	
VAL/A/716	0	
ARG/A/717	0	
PRO/A/718	0	
ASN/A/719	0	
GLY/A/720	0	
LEU/A/721	0	
GLU/A/722	0	
ASP/A/723	0	
THR/A/724	0	
PRO/A/725	0	
GLN/A/726	0	
PHE/A/727	0	
LYS/A/728	0	
ILE/A/729	0	
ASP/A/730	0	
ILE/A/731	0	
ASP/A/732	0	
GLN/A/733	0	
GLU/A/734	0	
LYS/A/735	0	
ALA/A/736	0	
GLN/A/737	0	
ALA/A/738	0	
LEU/A/739	0	
GLY/A/740	0	
VAL/A/741	0	
SER/A/742	0	
ILE/A/743	0	
ASN/A/744	0	
ASP/A/745	0	
ILE/A/746	0	
ASN/A/747	0	
THR/A/748	0	
THR/A/749	0	
LEU/A/750	0	
GLY/A/751	0	
ALA/A/752	0	
ALA/A/753	0	
TRP/A/754	0	
GLY/A/755	0	
GLY/A/756	0	
SER/A/757	0	
TYR/A/758	0	
VAL/A/759	0	
ASN/A/760	0	
ASP/A/761	0	
PHE/A/762	0	
ILE/A/763	0	
ASP/A/764	0	
ARG/A/765	0	
GLY/A/766	0	
ARG/A/767	0	
VAL/A/768	0	
LYS/A/769	0	
LYS/A/770	0	
VAL/A/771	0	
TYR/A/772	0	
VAL/A/773	0	
MET/A/774	0	
SER/A/775	0	
GLU/A/776	0	
ALA/A/777	0	
LYS/A/778	0	
TYR/A/779	0	
ARG/A/780	0	
MET/A/781	0	
LEU/A/782	0	
PRO/A/783	0	
ASP/A/784	0	
ASP/A/785	0	
ILE/A/786	0	
GLY/A/787	0	
ASP/A/788	0	
TRP/A/789	0	
TYR/A/790	0	
VAL/A/791	0	
ARG/A/792	0	
ALA/A/793	0	
ALA/A/794	0	
ASP/A/795	0	
GLY/A/796	0	
GLN/A/797	0	
MET/A/798	0	
VAL/A/799	0	
PRO/A/800	0	
PHE/A/801	0	
SER/A/802	0	
ALA/A/803	0	
PHE/A/804	0	
SER/A/805	0	
SER/A/806	0	
SER/A/807	0	
ARG/A/808	0	
TRP/A/809	0	
GLU/A/810	0	
TYR/A/811	0	
GLY/A/812	0	
SER/A/813	0	
PRO/A/814	0	
ARG/A/815	0	
LEU/A/816	0	
GLU/A/817	0	
ARG/A/818	0	
TYR/A/819	0	
ASN/A/820	0	
GLY/A/821	0	
LEU/A/822	0	
PRO/A/823	0	
SER/A/824	0	
MET/A/825	0	
GLU/A/826	0	
ILE/A/827	0	
LEU/A/828	0	
GLY/A/829	0	
GLN/A/830	0	
ALA/A/831	0	
ALA/A/832	0	
PRO/A/833	0	
GLY/A/834	0	
LYS/A/835	0	
SER/A/836	0	
THR/A/837	0	
GLY/A/838	0	
GLU/A/839	0	
ALA/A/840	0	
MET/A/841	0	
GLU/A/842	0	
LEU/A/843	0	
MET/A/844	0	
GLU/A/845	0	
GLN/A/846	0	
LEU/A/847	0	
ALA/A/848	0	
SER/A/849	0	
LYS/A/850	0	
LEU/A/851	0	
PRO/A/852	0	
THR/A/853	0	
GLY/A/854	0	
VAL/A/855	0	
GLY/A/856	0	
TYR/A/857	0	
ASP/A/858	0	
TRP/A/859	0	
SER/A/869	0	
GLY/A/870	0	
ASN/A/871	0	
GLN/A/872	0	
ALA/A/873	0	
PRO/A/874	0	
SER/A/875	0	
LEU/A/876	0	
TYR/A/877	0	
ALA/A/878	0	
ILE/A/879	0	
SER/A/880	0	
LEU/A/881	0	
ILE/A/882	0	
VAL/A/883	0	
VAL/A/884	0	
PHE/A/885	0	
LEU/A/886	0	
CYS/A/887	0	
LEU/A/888	0	
ALA/A/889	0	
ALA/A/890	0	
LEU/A/891	0	
TYR/A/892	0	
GLU/A/893	0	
SER/A/894	0	
TRP/A/895	0	
SER/A/896	0	
ILE/A/897	0	
PRO/A/898	0	
PHE/A/899	0	
SER/A/900	0	
VAL/A/901	0	
MET/A/902	0	
LEU/A/903	0	
VAL/A/904	0	
VAL/A/905	0	
PRO/A/906	0	
LEU/A/907	0	
GLY/A/908	0	
VAL/A/909	0	
ILE/A/910	0	
GLY/A/911	0	
ALA/A/912	0	
LEU/A/913	0	
LEU/A/914	0	
ALA/A/915	0	
ALA/A/916	0	
THR/A/917	0	
PHE/A/918	0	
ARG/A/919	0	
GLY/A/920	0	
LEU/A/921	0	
THR/A/922	0	
ASN/A/923	0	
ASP/A/924	0	
VAL/A/925	0	
TYR/A/926	0	
PHE/A/927	0	
GLN/A/928	0	
VAL/A/929	0	
GLY/A/930	0	
LEU/A/931	0	
LEU/A/932	0	
THR/A/933	0	
THR/A/934	0	
ILE/A/935	0	
GLY/A/936	0	
LEU/A/937	0	
SER/A/938	0	
ALA/A/939	0	
LYS/A/940	0	
ASN/A/941	0	
ALA/A/942	0	
ILE/A/943	0	
LEU/A/944	0	
ILE/A/945	0	
VAL/A/946	0	
GLU/A/947	0	
PHE/A/948	0	
ALA/A/949	0	
LYS/A/950	0	
ASP/A/951	0	
LEU/A/952	0	
MET/A/953	0	
ASP/A/954	0	
LYS/A/955	0	
GLU/A/956	0	
GLY/A/957	0	
LYS/A/958	0	
GLY/A/959	0	
LEU/A/960	0	
ILE/A/961	0	
GLU/A/962	0	
ALA/A/963	0	
THR/A/964	0	
LEU/A/965	0	
ASP/A/966	0	
ALA/A/967	0	
VAL/A/968	0	
ARG/A/969	0	
MET/A/970	0	
ARG/A/971	0	
LEU/A/972	0	
ARG/A/973	0	
PRO/A/974	0	
ILE/A/975	0	
LEU/A/976	0	
MET/A/977	0	
THR/A/978	0	
SER/A/979	0	
LEU/A/980	0	
ALA/A/981	0	
PHE/A/982	0	
ILE/A/983	0	
LEU/A/984	0	
GLY/A/985	0	
VAL/A/986	0	
MET/A/987	0	
PRO/A/988	0	
LEU/A/989	0	
VAL/A/990	0	
ILE/A/991	0	
SER/A/992	0	
THR/A/993	0	
GLY/A/994	0	
ALA/A/995	0	
GLY/A/996	0	
SER/A/997	0	
GLY/A/998	0	
ALA/A/999	0	
GLN/A/1000	0	
ASN/A/1001	0	
ALA/A/1002	0	
VAL/A/1003	0	
GLY/A/1004	0	
THR/A/1005	0	
GLY/A/1006	0	
VAL/A/1007	0	
MET/A/1008	0	
GLY/A/1009	0	
GLY/A/1010	0	
MET/A/1011	0	
VAL/A/1012	0	
THR/A/1013	0	
ALA/A/1014	0	
THR/A/1015	0	
VAL/A/1016	0	
LEU/A/1017	0	
ALA/A/1018	0	
ILE/A/1019	0	
PHE/A/1020	0	
PHE/A/1021	0	
VAL/A/1022	0	
PRO/A/1023	0	
VAL/A/1024	0	
PHE/A/1025	0	
PHE/A/1026	0	
VAL/A/1027	0	
VAL/A/1028	0	
VAL/A/1029	0	
ARG/A/1030	0	
ARG/A/1031	0	
ARG/A/1032	0	
PHE/A/1033	0	
SER/A/1034	0	
ARG/A/1035	0	
LYS/A/1036	0	
