Asparagus officinalis, 109835873, flavonoid 3'-monooxygenase-like  , EC:1.14.14.82, KO:K05280
Asparagus officinalis, 109837072, flavonoid 3'-monooxygenase-like  , EC:1.14.14.82, KO:K05280
Asparagus officinalis, 109819797, flavonoid 3'-monooxygenase-like  , EC:1.14.14.82, KO:K05280
Asparagus officinalis, 109826695, UDP-glycosyltransferase 73C6-like  , EC:2.4.1.-, KO:K22771
Asparagus officinalis, 109828636, UDP-glycosyltransferase 73C6-like  , EC:2.4.1.-, KO:K22771
Asparagus officinalis, 109826689, UDP-glycosyltransferase 73C6-like  , EC:2.4.1.-, KO:K22771
Asparagus officinalis, 109826700, UDP-glycosyltransferase 73C6-like  , EC:2.4.1.-, KO:K22771
Asparagus officinalis, 109839485, anthocyanidin 3-O-glucosyltransferase-like  , EC:2.4.1.159, KO:K22772
