Aegilops tauschii, 109740351, LOC109740351; flavonoid 3',5'-hydroxylase 1-like  , EC:1.14.14.81, KO:K13083
Aegilops tauschii, 109774860, LOC109774860; flavonoid 3',5'-hydroxylase 1-like  , EC:1.14.14.81, KO:K13083
Aegilops tauschii, 109731523, LOC109731523; flavonoid 3',5'-hydroxylase 2-like  , EC:1.14.14.81, KO:K13083
Aegilops tauschii, 109782004, LOC109782004; flavonoid 3',5'-hydroxylase 1-like  , EC:1.14.14.81, KO:K13083
Aegilops tauschii, 109785547, LOC109785547; flavonoid 3',5'-hydroxylase-like  , EC:1.14.14.81, KO:K13083
Aegilops tauschii, 109737789, LOC109737789; flavonoid 3'-monooxygenase-like  , EC:1.14.14.82, KO:K05280
Aegilops tauschii, 109767455, LOC109767455; flavonoid 3'-monooxygenase-like  , EC:1.14.14.82, KO:K05280
Aegilops tauschii, 109773560, LOC109773560; flavonoid 3'-monooxygenase-like  , EC:1.14.14.82, KO:K05280
Aegilops tauschii, 109759951, LOC109759951; UDP-glycosyltransferase 73C6-like  , EC:2.4.1.-, KO:K22771
Aegilops tauschii, 109761553, LOC109761553; anthocyanidin 3-O-glucosyltransferase-like  , EC:2.4.1.159, KO:K22772
