Brachypodium distachyon, 100832240, flavonoid 3',5'-hydroxylase 1  , EC:1.14.14.81, KO:K13083
Brachypodium distachyon, 100842616, flavonoid 3',5'-hydroxylase 1  , EC:1.14.14.81, KO:K13083
Brachypodium distachyon, 100832738, flavonoid 3'-monooxygenase CYP75B4  , EC:1.14.14.82, KO:K05280
Brachypodium distachyon, 100840140, flavonoid 3'-monooxygenase CYP75B3  , EC:1.14.14.82, KO:K05280
Brachypodium distachyon, 100844617, flavonoid 3'-monooxygenase CYP75B4  , EC:1.14.14.82, KO:K05280
Brachypodium distachyon, 104583406, flavonoid 3'-monooxygenase CYP75B3  , EC:1.14.14.82, KO:K05280
Brachypodium distachyon, 100825473, UDP-glycosyltransferase 73C6  , EC:2.4.1.-, KO:K22771
Brachypodium distachyon, 100838243, anthocyanidin 3-O-glucosyltransferase  , EC:2.4.1.159, KO:K22772
Brachypodium distachyon, 100838538, anthocyanidin 3-O-glucosyltransferase  , EC:2.4.1.159, KO:K22772
