Beta vulgaris, 104907876, flavonoid 3'-monooxygenase  , EC:1.14.14.82, KO:K05280
Beta vulgaris, 104908395, anthocyanidin 3-O-glucoside 2''-O-glucosyltransferase  , EC:2.4.1.239 2.4.1.-, KO:K22794
Beta vulgaris, 104883409, UDP-glycosyltransferase 79B30-like  , EC:2.4.1.239 2.4.1.-, KO:K22794
Beta vulgaris, 104900607, anthocyanidin 3-O-glucoside 2''-O-glucosyltransferase  , EC:2.4.1.239 2.4.1.-, KO:K22794
Beta vulgaris, 104908786, anthocyanidin 3-O-glucosyltransferase  , EC:2.4.1.159, KO:K22772
Beta vulgaris, 104908787, anthocyanidin 3-O-glucosyltransferase  , EC:2.4.1.159, KO:K22772
