Citrus clementina, CICLE_v10030271mg, hypothetical protein  , EC:2.4.1.236, KO:K13080
Citrus clementina, CICLE_v10030045mg, hypothetical protein  , EC:2.4.1.236, KO:K13080
Citrus clementina, CICLE_v10018289mg, hypothetical protein  , EC:1.14.14.81, KO:K13083
Citrus clementina, CICLE_v10019637mg, hypothetical protein  , EC:1.14.14.82, KO:K05280
Citrus clementina, CICLE_v10017784mg, hypothetical protein  , EC:2.4.1.239 2.4.1.-, KO:K22794
Citrus clementina, CICLE_v10004868mg, hypothetical protein  , EC:2.4.1.159, KO:K22772
