Citrus sinensis, 102623228, flavanone 7-O-glucoside 2''-O-beta-L-rhamnosyltransferase-like  , EC:2.4.1.236, KO:K13080
Citrus sinensis, 102615848, LOW QUALITY PROTEIN: flavanone 7-O-glucoside 2''-O-beta-L-rhamnosyltransferase-like  , EC:2.4.1.236, KO:K13080
Citrus sinensis, 102627616, flavonoid 3',5'-hydroxylase 2-like  , EC:1.14.14.81, KO:K13083
Citrus sinensis, 102620909, flavonoid 3'-monooxygenase  , EC:1.14.14.82, KO:K05280
Citrus sinensis, 102622417, UDP-glycosyltransferase 79B30-like  , EC:2.4.1.239 2.4.1.-, KO:K22794
Citrus sinensis, 102578019, 1,6-rhamnosyltransferase  , EC:2.4.1.159, KO:K22772
