Cucurbita pepo subsp. pepo, 111792334, flavonoid 3'-monooxygenase  , EC:1.14.14.82, KO:K05280
Cucurbita pepo subsp. pepo, 111800956, UDP-glycosyltransferase 73C6-like  , EC:2.4.1.-, KO:K22771
Cucurbita pepo subsp. pepo, 111791546, UDP-glycosyltransferase 73C6-like  , EC:2.4.1.-, KO:K22771
Cucurbita pepo subsp. pepo, 111787004, UDP-glycosyltransferase 79B30-like  , EC:2.4.1.239 2.4.1.-, KO:K22794
Cucurbita pepo subsp. pepo, 111811698, UDP-glycosyltransferase 79B30-like  , EC:2.4.1.239 2.4.1.-, KO:K22794
Cucurbita pepo subsp. pepo, 111792916, UDP-glycosyltransferase 79B30-like  , EC:2.4.1.239 2.4.1.-, KO:K22794
