Camelina sativa, 104769003, flavonoid 3'-monooxygenase-like  , EC:1.14.14.82, KO:K05280
Camelina sativa, 104708304, flavonoid 3'-monooxygenase  , EC:1.14.14.82, KO:K05280
Camelina sativa, 104734816, flavonoid 3'-monooxygenase  , EC:1.14.14.82, KO:K05280
Camelina sativa, 104777083, UDP-glycosyltransferase 78D1  , EC:2.4.1.-, KO:K15787
Camelina sativa, 104705997, UDP-glycosyltransferase 78D2-like  , EC:2.4.1.91, KO:K10757
Camelina sativa, 104769991, UDP-glycosyltransferase 78D2  , EC:2.4.1.91, KO:K10757
