Cucumis sativus, 101207160, flavonoid 3'-monooxygenase  , EC:1.14.14.82, KO:K05280
Cucumis sativus, 101207255, cyanidin 3-O-galactoside 2''-O-xylosyltransferase FGGT1  , EC:2.4.1.239 2.4.1.-, KO:K22794
Cucumis sativus, 101207016, cyanidin 3-O-galactoside 2''-O-xylosyltransferase FGGT1  , EC:2.4.1.239 2.4.1.-, KO:K22794
Cucumis sativus, 101206779, cyanidin 3-O-galactoside 2''-O-xylosyltransferase FGGT1  , EC:2.4.1.239 2.4.1.-, KO:K22794
Cucumis sativus, 101209211, cyanidin 3-O-galactoside 2''-O-xylosyltransferase FGGT1  , EC:2.4.1.239 2.4.1.-, KO:K22794
