Dendrobium catenatum, 110103762, flavonoid 3',5'-hydroxylase 1  , EC:1.14.14.81, KO:K13083
Dendrobium catenatum, 110095936, flavonoid 3'-monooxygenase  , EC:1.14.14.82, KO:K05280
Dendrobium catenatum, 110113263, flavonoid 3'-monooxygenase CYP75B3-like  , EC:1.14.14.82, KO:K05280
Dendrobium catenatum, 110113268, flavonoid 3'-monooxygenase CYP75B3-like  , EC:1.14.14.82, KO:K05280
Dendrobium catenatum, 110115941, flavonoid 3'-monooxygenase isoform X2  , EC:1.14.14.82, KO:K05280
Dendrobium catenatum, 110096779, flavonoid 3'-monooxygenase-like  , EC:1.14.14.82, KO:K05280
Dendrobium catenatum, 110096781, flavonoid 3'-monooxygenase-like  , EC:1.14.14.82, KO:K05280
Dendrobium catenatum, 110100597, anthocyanidin 3-O-glucosyltransferase  , EC:2.4.1.159, KO:K22772
