Oryza sativa japonica RAPDB, Os03t0367101-00, (RAP-DB) Os03g0367101; Similar to cytochrome P450 flavonoid 3',5'-hydroxylase.  , EC:1.14.14.81, KO:K13083
Oryza sativa japonica RAPDB, Os10t0320100-01, (RAP-DB) Os10g0320100; Similar to Flavonoid 3'-monooxygenase (EC 1.14.13.21) (Flavonoid 3'-hydroxylase) (Cytochrome P450 75B2).  , EC:1.14.14.82, KO:K05280
Oryza sativa japonica RAPDB, Os10t0317900-01, (RAP-DB) Os10g0317900; Similar to Flavonoid 3'-monooxygenase (EC 1.14.13.21) (Flavonoid 3'-hydroxylase) (Cytochrome P450 75B2).  , EC:1.14.14.82, KO:K05280
Oryza sativa japonica RAPDB, Os01t0176200-01, (RAP-DB) Os01g0176200; UDP-glucuronosyl/UDP-glucosyltransferase family protein.  , EC:2.4.1.-, KO:K22771
Oryza sativa japonica RAPDB, Os01t0176000-01, (RAP-DB) Os01g0176000; UDP-glucuronosyl/UDP-glucosyltransferase family protein.  , EC:2.4.1.-, KO:K22771
Oryza sativa japonica RAPDB, Os04t0523600-01, (RAP-DB) Os04g0523600; Similar to OSIGBa0153E02-OSIGBa0093I20.8 protein.  , EC:2.4.1.-, KO:K22771
Oryza sativa japonica RAPDB, Os11t0461200-01, (RAP-DB) Os11g0461200; UDP-glucuronosyl/UDP-glucosyltransferase domain containing protein.  , EC:2.4.1.159, KO:K22772
Oryza sativa japonica RAPDB, Os11t0457300-01, (RAP-DB) Os11g0457300; UDP-glucuronosyl/UDP-glucosyltransferase family protein.  , EC:2.4.1.159, KO:K22772
