Durio zibethinus, 111304415, flavonoid 3',5'-hydroxylase 2-like  , EC:1.14.14.81, KO:K13083
Durio zibethinus, 111302423, flavonoid 3',5'-hydroxylase 1-like  , EC:1.14.14.81, KO:K13083
Durio zibethinus, 111285769, flavonoid 3',5'-hydroxylase 2-like  , EC:1.14.14.81, KO:K13083
Durio zibethinus, 111303535, flavonoid 3'-monooxygenase-like  , EC:1.14.14.82, KO:K05280
Durio zibethinus, 111289514, flavonoid 3'-monooxygenase-like  , EC:1.14.14.82, KO:K05280
Durio zibethinus, 111290609, flavonoid 3'-monooxygenase-like  , EC:1.14.14.82, KO:K05280
Durio zibethinus, 111311009, UDP-glycosyltransferase 73C6-like  , EC:2.4.1.-, KO:K22771
Durio zibethinus, 111308706, UDP-glycosyltransferase 79B30-like  , EC:2.4.1.239 2.4.1.-, KO:K22794
Durio zibethinus, 111313488, anthocyanidin 3-O-glucosyltransferase-like  , EC:2.4.1.159, KO:K22772
