Gossypium arboreum, 108453491, flavonoid 3',5'-hydroxylase 2-like  , EC:1.14.14.81, KO:K13083
Gossypium arboreum, 108459521, flavonoid 3',5'-hydroxylase 2-like  , EC:1.14.14.81, KO:K13083
Gossypium arboreum, 108479810, flavonoid 3'-monooxygenase  , EC:1.14.14.82, KO:K05280
Gossypium arboreum, 108480505, UDP-glycosyltransferase 73C6-like  , EC:2.4.1.-, KO:K22771
Gossypium arboreum, 108482864, UDP-glycosyltransferase 79B30-like  , EC:2.4.1.239 2.4.1.-, KO:K22794
Gossypium arboreum, 108460161, UDP-glycosyltransferase 79B30-like  , EC:2.4.1.239 2.4.1.-, KO:K22794
Gossypium arboreum, 108470982, anthocyanidin 3-O-glucosyltransferase-like  , EC:2.4.1.159, KO:K22772
