Helianthus annuus, 110881267, kaempferol 3-O-beta-D-galactosyltransferase-like  , EC:2.4.1.115, KO:K12930
Helianthus annuus, 110873488, kaempferol 3-O-beta-D-galactosyltransferase-like  , EC:2.4.1.115, KO:K12930
Helianthus annuus, 110873490, kaempferol 3-O-beta-D-galactosyltransferase-like  , EC:2.4.1.115, KO:K12930
Helianthus annuus, 110873554, kaempferol 3-O-beta-D-galactosyltransferase-like  , EC:2.4.1.115, KO:K12930
Helianthus annuus, 110873557, kaempferol 3-O-beta-D-galactosyltransferase-like  , EC:2.4.1.115, KO:K12930
Helianthus annuus, 110873558, kaempferol 3-O-beta-D-galactosyltransferase-like  , EC:2.4.1.115, KO:K12930
Helianthus annuus, 110940191, kaempferol 3-O-beta-D-galactosyltransferase-like  , EC:2.4.1.115, KO:K12930
