Malus domestica, 103455413, flavonoid 3'-monooxygenase  , EC:1.14.14.82, KO:K05280
Malus domestica, 103437875, flavonoid 3'-monooxygenase  , EC:1.14.14.82, KO:K05280
Malus domestica, 103449975, UDP-glycosyltransferase 73C1-like  , EC:2.4.1.-, KO:K22771
Malus domestica, 103446358, anthocyanidin 3-O-glucoside 2''-O-glucosyltransferase-like  , EC:2.4.1.239 2.4.1.-, KO:K22794
Malus domestica, 103434845, UDP-glycosyltransferase 79B30-like  , EC:2.4.1.239 2.4.1.-, KO:K22794
Malus domestica, 103435087, UDP-glycosyltransferase 79B30-like  , EC:2.4.1.239 2.4.1.-, KO:K22794
