Manihot esculenta, 110629198, flavonoid 3',5'-hydroxylase 2-like  , EC:1.14.14.81, KO:K13083
Manihot esculenta, 110617654, flavonoid 3'-monooxygenase  , EC:1.14.14.82, KO:K05280
Manihot esculenta, 110627778, anthocyanidin 3-O-glucoside 2''-O-glucosyltransferase-like  , EC:2.4.1.239 2.4.1.-, KO:K22794
Manihot esculenta, 110603405, UDP-glycosyltransferase 79B30-like  , EC:2.4.1.239 2.4.1.-, KO:K22794
Manihot esculenta, 110629343, anthocyanidin 3-O-glucosyltransferase-like  , EC:2.4.1.159, KO:K22772
