Nelumbo nucifera, 104590495, flavonoid 3',5'-hydroxylase 2-like  , EC:1.14.14.81, KO:K13083
Nelumbo nucifera, 104590491, flavonoid 3',5'-hydroxylase 2-like  , EC:1.14.14.81, KO:K13083
Nelumbo nucifera, 104598992, flavonoid 3'-monooxygenase  , EC:1.14.14.82, KO:K05280
Nelumbo nucifera, 104597960, flavonoid 3'-monooxygenase-like  , EC:1.14.14.82, KO:K05280
Nelumbo nucifera, 104599616, UDP-glycosyltransferase 79B30-like  , EC:2.4.1.239 2.4.1.-, KO:K22794
Nelumbo nucifera, 104612163, anthocyanidin 3-O-glucoside 2''-O-glucosyltransferase-like  , EC:2.4.1.239 2.4.1.-, KO:K22794
Nelumbo nucifera, 104589101, UDP-glycosyltransferase 79B30-like  , EC:2.4.1.239 2.4.1.-, KO:K22794
Nelumbo nucifera, 104600902, UDP-glycosyltransferase 79B30-like  , EC:2.4.1.239 2.4.1.-, KO:K22794
