Nelumbo nucifera, 104603221, anthocyanidin 3-O-glucosyltransferase 7-like  , EC:2.4.1.115, KO:K12930
Nelumbo nucifera, 104605389, kaempferol 3-O-beta-D-galactosyltransferase-like  , EC:2.4.1.115, KO:K12930
Nelumbo nucifera, 104611375, anthocyanidin 3-O-glucosyltransferase 7-like  , EC:2.4.1.115, KO:K12930
Nelumbo nucifera, 104613453, anthocyanidin 3-O-glucosyltransferase 2-like  , EC:2.4.1.115, KO:K12930
Nelumbo nucifera, 104613452, anthocyanidin 3-O-glucosyltransferase 2-like  , EC:2.4.1.115, KO:K12930
