Nicotiana tabacum, 107777127, flavonoid 3',5'-hydroxylase 1  , EC:1.14.14.81, KO:K13083
Nicotiana tabacum, 107795677, F3'H1; flavonoid 3'-monooxygenase  , EC:1.14.14.82, KO:K05280
Nicotiana tabacum, 107773493, NtF3'H; flavonoid 3'-monooxygenase-like  , EC:1.14.14.82, KO:K05280
Nicotiana tabacum, 107800382, anthocyanidin 3-O-glucoside 2''-O-glucosyltransferase-like  , EC:2.4.1.239 2.4.1.-, KO:K22794
Nicotiana tabacum, 107831042, anthocyanidin 3-O-glucosyltransferase  , EC:2.4.1.159, KO:K22772
Nicotiana tabacum, 107767212, anthocyanidin 3-O-glucosyltransferase-like  , EC:2.4.1.159, KO:K22772
Nicotiana tabacum, 107781522, anthocyanidin 3-O-glucosyltransferase-like  , EC:2.4.1.159, KO:K22772
