Olea europaea v. sylvestris, 111401587, flavonoid 3'-monooxygenase  , EC:1.14.14.82, KO:K05280
Olea europaea v. sylvestris, 111375189, anthocyanidin 3-O-glucoside 2''-O-glucosyltransferase-like  , EC:2.4.1.239 2.4.1.-, KO:K22794
Olea europaea v. sylvestris, 111386713, anthocyanidin 3-O-glucoside 2''-O-glucosyltransferase-like  , EC:2.4.1.239 2.4.1.-, KO:K22794
Olea europaea v. sylvestris, 111405814, anthocyanidin 3-O-glucosyltransferase-like  , EC:2.4.1.159, KO:K22772
Olea europaea v. sylvestris, 111382547, anthocyanidin 3-O-glucosyltransferase-like isoform X1  , EC:2.4.1.159, KO:K22772
Olea europaea v. sylvestris, 111379724, anthocyanidin 3-O-glucosyltransferase-like  , EC:2.4.1.159, KO:K22772
