Oryza sativa japonica RefSeq, 4332919, flavonoid 3',5'-hydroxylase 1  , EC:1.14.14.81, KO:K13083
Oryza sativa japonica RefSeq, 4348304, flavonoid 3'-monooxygenase  , EC:1.14.14.82, KO:K05280
Oryza sativa japonica RefSeq, 4348299, flavonoid 3'-monooxygenase  , EC:1.14.14.82, KO:K05280
Oryza sativa japonica RefSeq, 4326220, UDP-glycosyltransferase 73C6  , EC:2.4.1.-, KO:K22771
Oryza sativa japonica RefSeq, 4326219, UDP-glycosyltransferase 73C6  , EC:2.4.1.-, KO:K22771
Oryza sativa japonica RefSeq, 107277497, UDP-glycosyltransferase 73C6-like  , EC:2.4.1.-, KO:K22771
Oryza sativa japonica RefSeq, 4326218, UDP-glycosyltransferase 73C6  , EC:2.4.1.-, KO:K22771
Oryza sativa japonica RefSeq, 4336438, UDP-glycosyltransferase 73C6  , EC:2.4.1.-, KO:K22771
Oryza sativa japonica RefSeq, 9267603, anthocyanidin 3-O-glucosyltransferase  , EC:2.4.1.159, KO:K22772
Oryza sativa japonica RefSeq, 4350462, anthocyanidin 3-O-glucosyltransferase  , EC:2.4.1.159, KO:K22772
