Phalaenopsis equestris, 110026775, flavonoid 3',5'-hydroxylase 1-like  , EC:1.14.14.81, KO:K13083
Phalaenopsis equestris, 110031953, LOW QUALITY PROTEIN: flavonoid 3'-monooxygenase-like  , EC:1.14.14.82, KO:K05280
Phalaenopsis equestris, 110031993, flavonoid 3'-monooxygenase-like  , EC:1.14.14.82, KO:K05280
Phalaenopsis equestris, 110032025, flavonoid 3'-monooxygenase-like  , EC:1.14.14.82, KO:K05280
Phalaenopsis equestris, 110038151, flavonoid 3'-monooxygenase-like  , EC:1.14.14.82, KO:K05280
Phalaenopsis equestris, 110022396, flavonoid 3'-monooxygenase-like  , EC:1.14.14.82, KO:K05280
Phalaenopsis equestris, 110019582, flavonoid 3'-monooxygenase-like  , EC:1.14.14.82, KO:K05280
Phalaenopsis equestris, 110020195, anthocyanidin 3-O-glucosyltransferase-like  , EC:2.4.1.159, KO:K22772
