Populus trichocarpa, 7463882, flavonoid 3',5'-hydroxylase 1  , EC:1.14.14.81, KO:K13083
Populus trichocarpa, 7475030, flavonoid 3',5'-hydroxylase 1  , EC:1.14.14.81, KO:K13083
Populus trichocarpa, 7482418, flavonoid 3'-monooxygenase  , EC:1.14.14.82, KO:K05280
Populus trichocarpa, 112325778, flavonoid 3'-monooxygenase-like  , EC:1.14.14.82, KO:K05280
Populus trichocarpa, 112323340, UDP-glycosyltransferase 79B30-like  , EC:2.4.1.239 2.4.1.-, KO:K22794
Populus trichocarpa, 18107025, LOW QUALITY PROTEIN: anthocyanidin 3-O-glucoside 2''-O-glucosyltransferase  , EC:2.4.1.239 2.4.1.-, KO:K22794
Populus trichocarpa, 18103091, UDP-glycosyltransferase 79B30  , EC:2.4.1.239 2.4.1.-, KO:K22794
Populus trichocarpa, 7465981, anthocyanidin 3-O-glucosyltransferase  , EC:2.4.1.159, KO:K22772
