Papaver somniferum, 113282609, anthocyanidin 3-O-glucosyltransferase 7-like  , EC:2.4.1.115, KO:K12930
Papaver somniferum, 113279548, anthocyanidin 3-O-glucosyltransferase 7-like  , EC:2.4.1.115, KO:K12930
Papaver somniferum, 113279549, anthocyanidin 3-O-glucosyltransferase 7-like  , EC:2.4.1.115, KO:K12930
Papaver somniferum, 113299339, anthocyanidin 3-O-glucosyltransferase 7-like  , EC:2.4.1.115, KO:K12930
Papaver somniferum, 113272402, anthocyanidin 3-O-glucosyltransferase 7-like  , EC:2.4.1.115, KO:K12930
Papaver somniferum, 113272403, anthocyanidin 3-O-glucosyltransferase 7-like  , EC:2.4.1.115, KO:K12930
Papaver somniferum, 113272404, anthocyanidin 3-O-glucosyltransferase 7-like  , EC:2.4.1.115, KO:K12930
Papaver somniferum, 113358582, anthocyanidin 3-O-glucosyltransferase 7-like  , EC:2.4.1.115, KO:K12930
