Pyrus x bretschneideri, 103930751, flavonoid 3'-monooxygenase  , EC:1.14.14.82, KO:K05280
Pyrus x bretschneideri, 103933139, UDP-glycosyltransferase 73C1-like  , EC:2.4.1.-, KO:K22771
Pyrus x bretschneideri, 103944146, anthocyanidin 3-O-glucoside 2''-O-glucosyltransferase-like  , EC:2.4.1.239 2.4.1.-, KO:K22794
Pyrus x bretschneideri, 103944147, anthocyanidin 3-O-glucoside 2''-O-glucosyltransferase-like  , EC:2.4.1.239 2.4.1.-, KO:K22794
Pyrus x bretschneideri, 103944402, UDP-glycosyltransferase 79B30-like  , EC:2.4.1.239 2.4.1.-, KO:K22794
Pyrus x bretschneideri, 103944409, UDP-glycosyltransferase 79B30-like  , EC:2.4.1.239 2.4.1.-, KO:K22794
