Quercus suber, 111985672, anthocyanidin 3-O-glucosyltransferase 2-like  , EC:2.4.1.115, KO:K12930
Quercus suber, 112037080, anthocyanidin 3-O-glucosyltransferase 7-like  , EC:2.4.1.115, KO:K12930
Quercus suber, 112012596, anthocyanidin 3-O-glucosyltransferase 7-like  , EC:2.4.1.115, KO:K12930
Quercus suber, 112037056, anthocyanidin 3-O-glucosyltransferase 7-like  , EC:2.4.1.115, KO:K12930
Quercus suber, 112037083, anthocyanidin 3-O-glucosyltransferase 7-like  , EC:2.4.1.115, KO:K12930
Quercus suber, 112012601, anthocyanidin 3-O-glucosyltransferase 7-like  , EC:2.4.1.115, KO:K12930
Quercus suber, 112017257, UDP-glycosyltransferase 79B6  , EC:2.4.2.51, KO:K17193
Quercus suber, 112003261, UDP-glycosyltransferase 79B9-like  , EC:2.4.2.51, KO:K17193
