Quercus suber, 112039568, flavonoid 3',5'-hydroxylase 1-like  , EC:1.14.14.81, KO:K13083
Quercus suber, 111992819, flavonoid 3',5'-hydroxylase 2-like  , EC:1.14.14.81, KO:K13083
Quercus suber, 112039462, flavonoid 3'-monooxygenase  , EC:1.14.14.82, KO:K05280
Quercus suber, 112013151, UDP-glycosyltransferase 73C6-like  , EC:2.4.1.-, KO:K22771
Quercus suber, 112014170, UDP-glycosyltransferase 79B30-like  , EC:2.4.1.239 2.4.1.-, KO:K22794
Quercus suber, 112014154, anthocyanidin 3-O-glucoside 2''-O-glucosyltransferase-like  , EC:2.4.1.239 2.4.1.-, KO:K22794
Quercus suber, 112017288, anthocyanidin 3-O-glucoside 2''-O-glucosyltransferase-like  , EC:2.4.1.239 2.4.1.-, KO:K22794
