Rosa chinensis, 112178545, flavonoid 3'-monooxygenase  , EC:1.14.14.82, KO:K05280
Rosa chinensis, 112193506, UDP-glycosyltransferase 73C3-like  , EC:2.4.1.-, KO:K22771
Rosa chinensis, 112164657, anthocyanidin 3-O-glucoside 2''-O-glucosyltransferase-like  , EC:2.4.1.239 2.4.1.-, KO:K22794
Rosa chinensis, 112164597, UDP-glycosyltransferase 79B30-like  , EC:2.4.1.239 2.4.1.-, KO:K22794
Rosa chinensis, 112195456, anthocyanidin 3-O-glucoside 2''-O-glucosyltransferase-like  , EC:2.4.1.239 2.4.1.-, KO:K22794
