Sorghum bicolor, 8080780, flavonoid 3',5'-hydroxylase 1  , EC:1.14.14.81, KO:K13083
Sorghum bicolor, 8082602, flavonoid 3',5'-hydroxylase 1  , EC:1.14.14.81, KO:K13083
Sorghum bicolor, 8070599, flavonoid 3'-monooxygenase  , EC:1.14.14.82, KO:K05280
Sorghum bicolor, 8056468, flavonoid 3'-monooxygenase  , EC:1.14.14.82, KO:K05280
Sorghum bicolor, 8070594, flavonoid 3'-monooxygenase  , EC:1.14.14.82, KO:K05280
Sorghum bicolor, 8072541, flavonoid 3'-monooxygenase  , EC:1.14.14.82, KO:K05280
Sorghum bicolor, 8078794, UDP-glycosyltransferase 73C3  , EC:2.4.1.-, KO:K22771
Sorghum bicolor, 8082846, UDP-glycosyltransferase 73D1  , EC:2.4.1.-, KO:K22771
Sorghum bicolor, 8069309, anthocyanidin 3-O-glucosyltransferase  , EC:2.4.1.159, KO:K22772
Sorghum bicolor, 8069310, anthocyanidin 3-O-glucosyltransferase  , EC:2.4.1.159, KO:K22772
Sorghum bicolor, 8066960, anthocyanidin 3-O-glucosyltransferase  , EC:2.4.1.159, KO:K22772
