Setaria italica, 101754995, flavonoid 3',5'-hydroxylase 1  , EC:1.14.14.81, KO:K13083
Setaria italica, 101759053, flavonoid 3'-monooxygenase CYP75B3  , EC:1.14.14.82, KO:K05280
Setaria italica, 101763802, flavonoid 3'-monooxygenase CYP75B4  , EC:1.14.14.82, KO:K05280
Setaria italica, 101784200, UDP-glycosyltransferase 73C6  , EC:2.4.1.-, KO:K22771
Setaria italica, 101770363, UDP-glycosyltransferase 73C6  , EC:2.4.1.-, KO:K22771
Setaria italica, 101763746, anthocyanidin 3-O-glucosyltransferase  , EC:2.4.1.159, KO:K22772
Setaria italica, 101754290, anthocyanidin 3-O-glucosyltransferase  , EC:2.4.1.159, KO:K22772
Setaria italica, 101765378, anthocyanidin 3-O-glucosyltransferase  , EC:2.4.1.159, KO:K22772
Setaria italica, 101757804, anthocyanidin 3-O-glucosyltransferase  , EC:2.4.1.159, KO:K22772
