Vitis vinifera, 100233099, UFGT; anthocyanidin 3-O-glucosyltransferase 2  , EC:2.4.1.115, KO:K12930
Vitis vinifera, 100247914, VvGT5; anthocyanidin 3-O-glucosyltransferase 7  , EC:2.4.1.115, KO:K12930
Vitis vinifera, 100258170, anthocyanidin 3-O-glucosyltransferase 7  , EC:2.4.1.115, KO:K12930
Vitis vinifera, 100249544, anthocyanidin 3-O-glucosyltransferase 7  , EC:2.4.1.115, KO:K12930
Vitis vinifera, 100249635, anthocyanidin 3-O-glucosyltransferase 7-like  , EC:2.4.1.115, KO:K12930
Vitis vinifera, 100254753, anthocyanidin 3-O-glucosyltransferase 7  , EC:2.4.1.115, KO:K12930
Vitis vinifera, 100244489, VVGT6; UDP-sugar flavonoid glycosyltransferase  , EC:2.4.1.115, KO:K12930
