Ziziphus jujuba, 107403962, flavonoid 3',5'-hydroxylase 1-like  , EC:1.14.14.81, KO:K13083
Ziziphus jujuba, 107410717, flavonoid 3',5'-hydroxylase 2-like  , EC:1.14.14.81, KO:K13083
Ziziphus jujuba, 107419096, flavonoid 3'-monooxygenase  , EC:1.14.14.82, KO:K05280
Ziziphus jujuba, 107432050, UDP-glycosyltransferase 73C6-like  , EC:2.4.1.-, KO:K22771
Ziziphus jujuba, 107410158, UDP-glycosyltransferase 79B30-like  , EC:2.4.1.239 2.4.1.-, KO:K22794
Ziziphus jujuba, 107426658, anthocyanidin 3-O-glucosyltransferase-like  , EC:2.4.1.159, KO:K22772
Ziziphus jujuba, 107426669, LOW QUALITY PROTEIN: anthocyanidin 3-O-glucosyltransferase-like  , EC:2.4.1.159, KO:K22772
