Zea mays, 100278079, uncharacterized LOC100278079  , EC:1.14.14.81, KO:K13083
Zea mays, 103639113, flavonoid 3',5'-hydroxylase 1  , EC:1.14.14.81, KO:K13083
Zea mays, 100273383, uncharacterized protein LOC100273383  , EC:1.14.14.82, KO:K05280
Zea mays, 100279887, uncharacterized protein LOC100279887  , EC:1.14.14.82, KO:K05280
Zea mays, 103653707, flavonoid 3'-monooxygenase CYP75B3  , EC:1.14.14.82, KO:K05280
Zea mays, 103649679, UDP-glycosyltransferase 73E1  , EC:2.4.1.-, KO:K22771
Zea mays, 100285839, cytokinin-O-glucosyltransferase 3  , EC:2.4.1.-, KO:K22771
Zea mays, 100192114, uncharacterized protein LOC100192114 precursor  , EC:2.4.1.159, KO:K22772
