LIGAND<-PROTEIN	FLU/L/600	
ASP/L/1	0	
VAL/L/2	0	
VAL/L/3	0	
MET/L/4	0	
THR/L/5	0	
GLN/L/6	0	
THR/L/7	0	
PRO/L/8	0	
LEU/L/9	0	
SER/L/10	0	
LEU/L/11	0	
PRO/L/12	0	
VAL/L/13	0	
SER/L/14	0	
LEU/L/15	0	
GLY/L/16	0	
ASP/L/17	0	
GLN/L/18	0	
ALA/L/19	0	
SER/L/20	0	
ILE/L/21	0	
SER/L/22	0	
CYS/L/23	0	
ARG/L/24	0	
SER/L/25	0	
SER/L/26	0	
GLN/L/27	0	
SER/L/28	0	
LEU/L/29	0	
VAL/L/30	0	
HIS/L/31	113.232	
SER/L/32	0	
ASN/L/33	78.4858	
GLY/L/34	0	
ASN/L/35	17.2126	
THR/L/36	0	
TYR/L/37	410.604	
LEU/L/38	0	
ARG/L/39	45.7748	
TRP/L/40	0	
TYR/L/41	0	
LEU/L/42	0	
GLN/L/43	0	
LYS/L/44	0	
PRO/L/45	0	
GLY/L/46	0	
GLN/L/47	0	
SER/L/48	0	
PRO/L/49	0	
LYS/L/50	0	
VAL/L/51	0	
LEU/L/52	0	
ILE/L/53	0	
TYR/L/54	0	
LYS/L/55	0.616988	
VAL/L/56	0	
SER/L/57	0	
ASN/L/58	0	
ARG/L/59	0	
PHE/L/60	0	
SER/L/61	0	
GLY/L/62	0	
VAL/L/63	0	
PRO/L/64	0	
ASP/L/65	0	
ARG/L/66	0	
PHE/L/67	0	
SER/L/68	0	
GLY/L/69	0	
SER/L/70	0	
GLY/L/71	0	
SER/L/72	0	
GLY/L/73	0	
THR/L/74	0	
ASP/L/75	0	
PHE/L/76	0	
THR/L/77	0	
LEU/L/78	0	
LYS/L/79	0	
ILE/L/80	0	
SER/L/81	0	
ARG/L/82	0	
VAL/L/83	0	
GLU/L/84	0	
ALA/L/85	0	
GLU/L/86	0	
ASP/L/87	0	
LEU/L/88	0	
GLY/L/89	0	
VAL/L/90	0	
TYR/L/91	0	
PHE/L/92	0	
CYS/L/93	0	
SER/L/94	0	
GLN/L/95	0	
SER/L/96	101.445	
THR/L/97	6.6899	
HIS/L/98	0	
VAL/L/99	0	
PRO/L/100	0	
TRP/L/101	122.235	
THR/L/102	0	
PHE/L/103	0	
GLY/L/104	0	
GLY/L/105	0	
GLY/L/106	0	
THR/L/107	0	
LYS/L/108	0	
LEU/L/109	0	
GLU/L/110	0	
ILE/L/111	0	
LYS/L/112	0	
ARG/L/113	0	
ALA/L/114	0	
ASP/L/115	0	
ALA/L/116	0	
ALA/L/117	0	
PRO/L/118	0	
THR/L/119	0	
VAL/L/120	0	
SER/L/121	0	
ILE/L/122	0	
PHE/L/123	0	
PRO/L/124	0	
PRO/L/125	0	
SER/L/126	0	
SER/L/127	0	
GLU/L/128	0	
GLN/L/129	0	
LEU/L/130	0	
THR/L/131	0	
SER/L/132	0	
GLY/L/133	0	
GLY/L/134	0	
ALA/L/135	0	
SER/L/136	0	
VAL/L/137	0	
VAL/L/138	0	
CYS/L/139	0	
PHE/L/140	0	
LEU/L/141	0	
ASN/L/142	0	
ASN/L/143	0	
PHE/L/144	0	
TYR/L/145	0	
PRO/L/146	0	
LYS/L/147	0	
ASP/L/148	0	
ILE/L/149	0	
ASN/L/150	0	
VAL/L/151	0	
LYS/L/152	0	
TRP/L/153	0	
LYS/L/154	0	
ILE/L/155	0	
ASP/L/156	0	
GLY/L/157	0	
SER/L/158	0	
GLU/L/159	0	
ARG/L/160	0	
GLN/L/161	0	
ASN/L/162	0	
GLY/L/163	0	
VAL/L/164	0	
LEU/L/165	0	
ASN/L/166	0	
SER/L/167	0	
TRP/L/168	0	
THR/L/169	0	
ASP/L/170	0	
GLN/L/171	0	
ASP/L/172	0	
SER/L/173	0	
LYS/L/174	0	
ASP/L/175	0	
SER/L/176	0	
THR/L/177	0	
TYR/L/178	0	
SER/L/179	0	
MET/L/180	0	
SER/L/181	0	
SER/L/182	0	
THR/L/183	0	
LEU/L/184	0	
THR/L/185	0	
LEU/L/186	0	
THR/L/187	0	
LYS/L/188	0	
ASP/L/189	0	
GLU/L/190	0	
TYR/L/191	0	
GLU/L/192	0	
ARG/L/193	0	
HIS/L/194	0	
ASN/L/195	0	
SER/L/196	0	
TYR/L/197	0	
THR/L/198	0	
CYS/L/199	0	
GLU/L/200	0	
ALA/L/201	0	
THR/L/202	0	
HIS/L/203	0	
LYS/L/204	0	
THR/L/205	0	
SER/L/206	0	
THR/L/207	0	
SER/L/208	0	
PRO/L/209	0	
ILE/L/210	0	
VAL/L/211	0	
LYS/L/212	0	
SER/L/213	0	
PHE/L/214	0	
ASN/L/215	0	
ARG/L/216	0	
ASN/L/217	0	
GLU/L/218	0	
CYS/L/219	0	
GLU/H/1	0	
VAL/H/2	0	
LYS/H/3	0	
LEU/H/4	0	
ASP/H/5	0	
GLU/H/6	0	
THR/H/7	0	
GLY/H/8	0	
GLY/H/9	0	
GLY/H/10	0	
LEU/H/11	0	
VAL/H/12	0	
GLN/H/13	0	
PRO/H/14	0	
GLY/H/15	0	
ARG/H/16	0	
PRO/H/17	0	
MET/H/18	0	
LYS/H/19	0	
LEU/H/20	0	
SER/H/21	0	
CYS/H/22	0	
VAL/H/23	0	
ALA/H/24	0	
SER/H/25	0	
GLY/H/26	0	
PHE/H/27	0	
THR/H/28	0	
PHE/H/29	0	
SER/H/30	0	
ASP/H/31	27.529	
TYR/H/32	8.53888	
TRP/H/33	479.811	
MET/H/34	0	
ASN/H/35	0	
TRP/H/36	0	
VAL/H/37	0	
ARG/H/38	0	
GLN/H/39	0	
SER/H/40	0	
PRO/H/41	0	
GLU/H/42	0	
LYS/H/43	0	
GLY/H/44	0	
LEU/H/45	0	
GLU/H/46	0	
TRP/H/47	0	
VAL/H/48	0	
ALA/H/49	0	
GLN/H/50	0	
ILE/H/51	0	
ARG/H/52	23.7419	
ASN/H/53	4.78984	
LYS/H/54	0	
PRO/H/55	0	
TYR/H/56	190.664	
ASN/H/57	0	
TYR/H/58	0	
GLU/H/59	0	
THR/H/60	0	
TYR/H/61	0	
TYR/H/62	0	
SER/H/63	0	
ASP/H/64	0	
SER/H/65	0	
VAL/H/66	0	
LYS/H/67	0	
GLY/H/68	0	
ARG/H/69	0	
PHE/H/70	0	
THR/H/71	0	
ILE/H/72	0	
SER/H/73	0	
ARG/H/74	0	
ASP/H/75	0	
ASP/H/76	0	
SER/H/79	0	
SER/H/80	0	
VAL/H/81	0	
TYR/H/82	0	
LEU/H/83	0	
GLN/H/84	0	
MET/H/85	0	
ASN/H/86	0	
ASN/H/87	0	
LEU/H/88	0	
ARG/H/89	0	
VAL/H/90	0	
GLU/H/91	0	
ASP/H/92	0	
MET/H/93	0	
GLY/H/94	0	
ILE/H/95	0	
TYR/H/96	0	
TYR/H/97	0	
CYS/H/98	0	
THR/H/99	0	
GLY/H/100	0	
SER/H/101	80.55	
TYR/H/102	157.047	
TYR/H/103	363.3	
GLY/H/104	104.004	
MET/H/105	20.0751	
ASP/H/106	0.567657	
TYR/H/107	0	
TRP/H/108	0	
GLY/H/109	0	
GLN/H/110	0	
GLY/H/111	0	
THR/H/112	0	
SER/H/113	0	
VAL/H/114	0	
THR/H/115	0	
VAL/H/116	0	
SER/H/117	0	
SER/H/118	0	
ALA/H/119	0	
LYS/H/120	0	
THR/H/121	0	
THR/H/122	0	
ALA/H/123	0	
PRO/H/124	0	
SER/H/125	0	
VAL/H/126	0	
TYR/H/127	0	
PRO/H/128	0	
LEU/H/129	0	
ALA/H/130	0	
PRO/H/131	0	
VAL/H/132	0	
CYS/H/133	0	
GLY/H/134	0	
ASP/H/135	0	
THR/H/136	0	
THR/H/137	0	
GLY/H/138	0	
SER/H/139	0	
SER/H/140	0	
VAL/H/141	0	
THR/H/142	0	
LEU/H/143	0	
GLY/H/144	0	
CYS/H/145	0	
LEU/H/146	0	
VAL/H/147	0	
LYS/H/148	0	
GLY/H/149	0	
TYR/H/150	0	
PHE/H/151	0	
PRO/H/152	0	
GLU/H/153	0	
PRO/H/154	0	
VAL/H/155	0	
THR/H/156	0	
LEU/H/157	0	
THR/H/158	0	
TRP/H/159	0	
ASN/H/160	0	
SER/H/161	0	
GLY/H/162	0	
SER/H/163	0	
LEU/H/164	0	
SER/H/165	0	
SER/H/166	0	
GLY/H/167	0	
VAL/H/168	0	
HIS/H/169	0	
THR/H/170	0	
PHE/H/171	0	
PRO/H/172	0	
ALA/H/173	0	
VAL/H/174	0	
LEU/H/175	0	
GLN/H/176	0	
SER/H/177	0	
ASP/H/178	0	
LEU/H/179	0	
TYR/H/180	0	
THR/H/181	0	
LEU/H/182	0	
SER/H/183	0	
SER/H/184	0	
SER/H/185	0	
VAL/H/186	0	
THR/H/187	0	
VAL/H/188	0	
THR/H/189	0	
SER/H/190	0	
SER/H/191	0	
THR/H/192	0	
TRP/H/193	0	
PRO/H/194	0	
SER/H/195	0	
GLN/H/196	0	
SER/H/197	0	
ILE/H/198	0	
THR/H/199	0	
CYS/H/200	0	
ASN/H/201	0	
VAL/H/202	0	
ALA/H/203	0	
HIS/H/204	0	
PRO/H/205	0	
ALA/H/206	0	
SER/H/207	0	
SER/H/208	0	
THR/H/209	0	
LYS/H/210	0	
VAL/H/211	0	
ASP/H/212	0	
LYS/H/213	0	
LYS/H/214	0	
ILE/H/215	0	
GLU/H/216	0	
PRO/H/217	0	
ARG/H/218	0	
