LIGAND<-PROTEIN	GUM/A/130	
LYS/A/1	0	
VAL/A/2	0	
TYR/A/3	0	
ASP/A/4	0	
ARG/A/5	0	
CYS/A/6	0	
GLU/A/7	0	
LEU/A/8	0	
ALA/A/9	0	
ARG/A/10	0	
ALA/A/11	0	
LEU/A/12	0	
LYS/A/13	0	
ALA/A/14	0	
SER/A/15	0	
GLY/A/16	0	
MET/A/17	0	
ASP/A/18	0	
GLY/A/19	0	
TYR/A/20	0	
ALA/A/21	0	
GLY/A/22	0	
ASN/A/23	0	
SER/A/24	0	
LEU/A/25	0	
PRO/A/26	0	
ASN/A/27	0	
TRP/A/28	0	
VAL/A/29	0	
CYS/A/30	0	
LEU/A/31	0	
SER/A/32	0	
LYS/A/33	0	
TRP/A/34	0	
GLU/A/35	0.144948	
SER/A/36	0	
SER/A/37	0	
TYR/A/38	0	
ASN/A/39	0	
THR/A/40	0	
GLN/A/41	0	
ALA/A/42	0	
THR/A/43	0	
ASN/A/44	20.1222	
ARG/A/45	0	
ASN/A/46	111.276	
THR/A/47	0	
ASP/A/48	0	
GLY/A/49	0	
SER/A/50	0	
THR/A/51	0	
ASP/A/52	96.7153	
TYR/A/53	0	
GLY/A/54	0	
ILE/A/55	0	
PHE/A/56	2.88961	
GLN/A/57	33.2129	
ILE/A/58	50.0398	
ASN/A/59	246.134	
SER/A/60	0.36172	
ARG/A/61	0.132518	
TYR/A/62	441.022	
TRP/A/63	233.808	
CYS/A/64	0	
ASP/A/65	0	
ASP/A/66	0	
GLY/A/67	0	
ARG/A/68	0	
THR/A/69	0	
PRO/A/70	0	
GLY/A/71	0	
ALA/A/72	0	
LYS/A/73	0	
ASN/A/74	0	
VAL/A/75	0	
CYS/A/76	0	
GLY/A/77	0	
ILE/A/78	0	
ARG/A/79	0	
CYS/A/80	0	
SER/A/81	0	
GLN/A/82	0	
LEU/A/83	0	
LEU/A/84	0	
THR/A/85	0	
ASP/A/86	0	
ASP/A/87	0	
LEU/A/88	0	
THR/A/89	0	
VAL/A/90	0	
ALA/A/91	0	
ILE/A/92	0	
ARG/A/93	0	
CYS/A/94	0	
ALA/A/95	0	
LYS/A/96	0	
ARG/A/97	0	
VAL/A/98	37.2413	
VAL/A/99	0	
LEU/A/100	0	
ASP/A/101	94.6234	
PRO/A/102	3.5833	
ASN/A/103	136.94	
GLY/A/104	0	
ILE/A/105	0	
GLY/A/106	0	
ALA/A/107	228.351	
TRP/A/108	70.7871	
VAL/A/109	291.423	
ALA/A/110	0	
TRP/A/111	0	
ARG/A/112	0.958259	
LEU/A/113	0	
HIS/A/114	0	
CYS/A/115	0	
GLN/A/116	0	
ASN/A/117	0	
GLN/A/118	0	
ASP/A/119	0	
LEU/A/120	0	
ARG/A/121	0	
SER/A/122	0	
TYR/A/123	0	
VAL/A/124	0	
ALA/A/125	0	
GLY/A/126	0	
CYS/A/127	0	
GLY/A/128	0	
VAL/A/129	0	
