RESIDUE-v	G/A/1	G/A/2	A/A/3	5BU/A/4	C/A/5	C/A/6	C/A/7	G/A/8	A/A/9	C/A/10	5BU/A/11	G/A/12	G/A/13	C/A/14	G/A/15	A/A/16	G/A/17	A/A/18	G/A/19	C/A/20	C/A/21	A/A/22	G/A/23	G/A/24	5BU/A/25	A/A/26	A/A/27	C/A/28	G/A/29	A/A/30	A/A/31	5BU/A/32	G/A/33	G/A/34	A/A/35	5BU/A/36	C/A/37	C/A/38	ROS/A/101	
G/A/1	nan	nan	nan	nan	nan	nan	nan	nan	nan	nan	nan	nan	nan	nan	nan	nan	nan	nan	nan	nan	nan	nan	nan	nan	nan	nan	nan	nan	nan	nan	nan	nan	nan	nan	nan	nan	nan	nan	nan	
G/A/2	nan	nan	nan	nan	nan	nan	nan	nan	nan	nan	nan	nan	nan	nan	nan	nan	nan	nan	nan	nan	nan	nan	nan	nan	nan	nan	nan	nan	nan	nan	nan	nan	nan	nan	nan	5.39171	nan	nan	nan	
A/A/3	nan	nan	nan	698.282	nan	nan	nan	nan	nan	nan	nan	nan	nan	nan	nan	nan	nan	nan	nan	nan	nan	nan	nan	nan	nan	nan	nan	nan	nan	nan	nan	nan	nan	nan	nan	137.773	nan	nan	nan	
5BU/A/4	nan	nan	817.344	nan	569.128	nan	nan	nan	nan	nan	nan	nan	nan	nan	nan	nan	nan	nan	nan	nan	nan	nan	nan	19.2703	nan	nan	nan	nan	nan	nan	nan	nan	nan	1.15545	174.393	nan	nan	nan	nan	
C/A/5	nan	nan	nan	589.091	nan	nan	nan	nan	nan	nan	nan	nan	nan	nan	nan	nan	nan	nan	nan	nan	nan	nan	nan	nan	nan	nan	nan	nan	nan	nan	nan	nan	nan	nan	nan	nan	nan	nan	nan	
C/A/6	nan	nan	nan	nan	nan	nan	nan	nan	nan	nan	nan	nan	nan	nan	nan	nan	nan	nan	nan	nan	nan	nan	nan	nan	nan	nan	nan	nan	nan	nan	nan	nan	nan	nan	nan	nan	nan	nan	0.114679	
C/A/7	nan	nan	nan	nan	nan	nan	nan	nan	nan	nan	nan	nan	nan	nan	nan	nan	nan	nan	nan	nan	nan	nan	nan	nan	nan	nan	nan	nan	nan	nan	nan	nan	nan	nan	nan	nan	nan	nan	253.994	
G/A/8	nan	nan	nan	nan	nan	nan	nan	nan	nan	nan	nan	nan	nan	nan	nan	nan	nan	nan	nan	nan	nan	nan	nan	nan	nan	nan	nan	nan	nan	nan	nan	nan	nan	nan	nan	nan	nan	nan	604.61	
A/A/9	nan	nan	nan	nan	nan	nan	nan	nan	nan	nan	2.42999	nan	nan	nan	nan	nan	nan	nan	nan	nan	nan	nan	nan	nan	nan	nan	nan	nan	nan	nan	nan	nan	nan	nan	nan	nan	nan	nan	nan	
C/A/10	nan	nan	nan	nan	nan	nan	nan	nan	nan	nan	587.793	nan	nan	nan	nan	nan	nan	nan	nan	nan	nan	nan	nan	nan	nan	nan	nan	nan	nan	nan	nan	nan	nan	nan	nan	nan	nan	nan	1.33224	
5BU/A/11	nan	nan	nan	nan	nan	nan	nan	nan	16.8734	792.302	nan	612.319	nan	nan	nan	nan	nan	nan	nan	nan	5.35062	222.66	286.931	nan	nan	167.992	182.031	nan	nan	nan	nan	nan	nan	nan	nan	nan	nan	nan	nan	
G/A/12	nan	nan	nan	nan	nan	nan	nan	nan	nan	nan	591.505	nan	nan	nan	nan	nan	nan	nan	nan	nan	nan	nan	nan	nan	nan	nan	nan	nan	nan	nan	nan	nan	nan	nan	nan	nan	nan	nan	nan	
G/A/13	nan	nan	nan	nan	nan	nan	nan	nan	nan	nan	nan	nan	nan	nan	nan	nan	nan	nan	nan	nan	nan	nan	nan	nan	nan	nan	nan	nan	nan	nan	nan	nan	nan	nan	nan	nan	nan	nan	nan	
C/A/14	nan	nan	nan	nan	nan	nan	nan	nan	nan	nan	nan	nan	nan	nan	nan	nan	nan	nan	nan	nan	nan	nan	nan	nan	nan	nan	nan	nan	nan	nan	nan	nan	nan	nan	nan	nan	nan	nan	nan	
G/A/15	nan	nan	nan	nan	nan	nan	nan	nan	nan	nan	nan	nan	nan	nan	nan	nan	nan	nan	nan	nan	nan	nan	nan	nan	nan	nan	nan	nan	nan	nan	nan	nan	nan	nan	nan	nan	nan	nan	nan	
A/A/16	nan	nan	nan	nan	nan	nan	nan	nan	nan	nan	nan	nan	nan	nan	nan	nan	nan	nan	nan	nan	nan	nan	nan	nan	nan	nan	nan	nan	nan	nan	nan	nan	nan	nan	nan	nan	nan	nan	nan	
G/A/17	nan	nan	nan	nan	nan	nan	nan	nan	nan	nan	nan	nan	nan	nan	nan	nan	nan	nan	nan	nan	nan	nan	nan	nan	nan	nan	nan	nan	nan	nan	nan	nan	nan	nan	nan	nan	nan	nan	nan	
A/A/18	nan	nan	nan	nan	nan	nan	nan	nan	nan	nan	nan	nan	nan	nan	nan	nan	nan	nan	nan	nan	nan	nan	nan	nan	nan	nan	nan	nan	nan	nan	nan	nan	nan	nan	nan	nan	nan	nan	nan	
G/A/19	nan	nan	nan	nan	nan	nan	nan	nan	nan	nan	nan	nan	nan	nan	nan	nan	nan	nan	nan	nan	nan	nan	nan	nan	nan	nan	nan	nan	nan	nan	nan	nan	nan	nan	nan	nan	nan	nan	nan	
C/A/20	nan	nan	nan	nan	nan	nan	nan	nan	nan	nan	nan	nan	nan	nan	nan	nan	nan	nan	nan	nan	nan	nan	nan	nan	nan	nan	nan	nan	nan	nan	nan	nan	nan	nan	nan	nan	nan	nan	nan	
C/A/21	nan	nan	nan	nan	nan	nan	nan	nan	nan	nan	1.63394	nan	nan	nan	nan	nan	nan	nan	nan	nan	nan	nan	nan	nan	nan	nan	nan	nan	nan	nan	nan	nan	nan	nan	nan	nan	nan	nan	nan	
A/A/22	nan	nan	nan	nan	nan	nan	nan	nan	nan	nan	133.73	nan	nan	nan	nan	nan	nan	nan	nan	nan	nan	nan	nan	nan	nan	nan	nan	nan	nan	nan	nan	nan	nan	nan	nan	nan	nan	nan	nan	
G/A/23	nan	nan	nan	nan	nan	nan	nan	nan	nan	nan	174.995	nan	nan	nan	nan	nan	nan	nan	nan	nan	nan	nan	nan	nan	149.573	nan	nan	nan	nan	nan	nan	nan	nan	nan	nan	nan	nan	nan	4.51403	
G/A/24	nan	nan	nan	22.5905	nan	nan	nan	nan	nan	nan	nan	nan	nan	nan	nan	nan	nan	nan	nan	nan	nan	nan	nan	nan	618.762	nan	nan	nan	nan	nan	nan	nan	nan	nan	nan	nan	nan	nan	388.893	
5BU/A/25	nan	nan	nan	nan	nan	nan	nan	nan	nan	nan	nan	nan	nan	nan	nan	nan	nan	nan	nan	nan	nan	nan	184.092	624.969	nan	462.431	574.314	161.979	nan	nan	nan	nan	nan	nan	nan	nan	nan	nan	nan	
A/A/26	nan	nan	nan	nan	nan	nan	nan	nan	nan	nan	112.197	nan	nan	nan	nan	nan	nan	nan	nan	nan	nan	nan	nan	nan	356.161	nan	nan	nan	nan	nan	nan	nan	nan	nan	nan	nan	nan	nan	nan	
A/A/27	nan	nan	nan	nan	nan	nan	nan	nan	nan	nan	145.826	nan	nan	nan	nan	nan	nan	nan	nan	nan	nan	nan	nan	nan	474.836	nan	nan	nan	nan	nan	nan	nan	nan	nan	nan	nan	nan	nan	2.56327	
C/A/28	nan	nan	nan	nan	nan	nan	nan	nan	nan	nan	nan	nan	nan	nan	nan	nan	nan	nan	nan	nan	nan	nan	nan	nan	183.462	nan	nan	nan	nan	nan	nan	nan	nan	nan	nan	nan	nan	nan	594.362	
G/A/29	nan	nan	nan	nan	nan	nan	nan	nan	nan	nan	nan	nan	nan	nan	nan	nan	nan	nan	nan	nan	nan	nan	nan	nan	nan	nan	nan	nan	nan	nan	nan	nan	nan	nan	nan	nan	nan	nan	675.509	
A/A/30	nan	nan	nan	nan	nan	nan	nan	nan	nan	nan	nan	nan	nan	nan	nan	nan	nan	nan	nan	nan	nan	nan	nan	nan	nan	nan	nan	nan	nan	nan	nan	nan	nan	nan	nan	nan	nan	nan	302.761	
A/A/31	nan	nan	nan	nan	nan	nan	nan	nan	nan	nan	nan	nan	nan	nan	nan	nan	nan	nan	nan	nan	nan	nan	nan	nan	nan	nan	nan	nan	nan	nan	nan	386.425	nan	nan	nan	nan	nan	nan	20.4579	
5BU/A/32	nan	nan	nan	nan	nan	nan	nan	nan	nan	nan	nan	nan	nan	nan	nan	nan	nan	nan	nan	nan	nan	nan	nan	nan	nan	nan	nan	nan	nan	nan	426.752	nan	342.191	72.506	nan	nan	nan	nan	nan	
G/A/33	nan	nan	nan	nan	nan	nan	nan	nan	nan	nan	nan	nan	nan	nan	nan	nan	nan	nan	nan	nan	nan	nan	nan	nan	nan	nan	nan	nan	nan	nan	nan	391.082	nan	nan	nan	nan	nan	nan	nan	
G/A/34	nan	nan	nan	0.193803	nan	nan	nan	nan	nan	nan	nan	nan	nan	nan	nan	nan	nan	nan	nan	nan	nan	nan	nan	nan	nan	nan	nan	nan	nan	nan	nan	69.4973	nan	nan	nan	nan	nan	nan	nan	
A/A/35	nan	nan	nan	154.658	nan	nan	nan	nan	nan	nan	nan	nan	nan	nan	nan	nan	nan	nan	nan	nan	nan	nan	nan	nan	nan	nan	nan	nan	nan	nan	nan	nan	nan	nan	nan	702.791	nan	nan	nan	
5BU/A/36	nan	22.193	162.281	nan	nan	nan	nan	nan	nan	nan	nan	nan	nan	nan	nan	nan	nan	nan	nan	nan	nan	nan	nan	nan	nan	nan	nan	nan	nan	nan	nan	nan	nan	nan	778.595	nan	609.842	nan	nan	
C/A/37	nan	nan	nan	nan	nan	nan	nan	nan	nan	nan	nan	nan	nan	nan	nan	nan	nan	nan	nan	nan	nan	nan	nan	nan	nan	nan	nan	nan	nan	nan	nan	nan	nan	nan	nan	629.887	nan	nan	nan	
C/A/38	nan	nan	nan	nan	nan	nan	nan	nan	nan	nan	nan	nan	nan	nan	nan	nan	nan	nan	nan	nan	nan	nan	nan	nan	nan	nan	nan	nan	nan	nan	nan	nan	nan	nan	nan	nan	nan	nan	nan	
ROS/A/101	nan	nan	nan	nan	nan	0.656529	435.067	770.426	nan	3.00127	nan	nan	nan	nan	nan	nan	nan	nan	nan	nan	nan	nan	11.2243	559.914	nan	nan	10.7095	708.712	849.041	551.324	77.4476	nan	nan	nan	nan	nan	nan	nan	nan	
