LIGAND<-PROTEIN	CBN/A/1	
GLY/A/15	0	
LEU/A/16	0	
ASP/A/17	0	
ALA/A/18	0	
VAL/A/19	0	
ARG/A/20	0	
LYS/A/21	0	
ARG/A/22	0	
PRO/A/23	0	
GLY/A/24	0	
MET/A/25	0	
TYR/A/26	0	
ILE/A/27	0	
GLY/A/28	0	
ASP/A/29	0	
THR/A/30	0	
ASP/A/31	0	
ASP/A/32	0	
GLY/A/33	0	
THR/A/34	0	
GLY/A/35	0	
LEU/A/36	0	
HIS/A/37	0	
HIS/A/38	0	
MET/A/39	0	
VAL/A/40	0	
PHE/A/41	0	
GLU/A/42	0	
VAL/A/43	74.5518	
VAL/A/44	0.433687	
ASP/A/45	1.18848	
ASN/A/46	375.772	
ALA/A/47	110.407	
ILE/A/48	0	
ASP/A/49	52.27	
GLU/A/50	250.557	
ALA/A/51	0	
LEU/A/52	0	
ALA/A/53	0	
GLY/A/54	0	
HIS/A/55	0	
CYS/A/56	0	
LYS/A/57	0	
GLU/A/58	0	
ILE/A/59	1.31016	
ILE/A/60	0	
VAL/A/61	0	
THR/A/62	0	
ILE/A/63	0	
HIS/A/64	0	
ALA/A/65	0	
ASP/A/66	0	
ASN/A/67	0	
SER/A/68	0	
VAL/A/69	0	
SER/A/70	0	
VAL/A/71	53.2242	
GLN/A/72	15.7503	
ASP/A/73	99.5096	
ASP/A/74	0	
GLY/A/75	0.0068902	
ARG/A/76	387.703	
GLY/A/77	30.1977	
ILE/A/78	306.865	
PRO/A/79	538.915	
THR/A/80	4.23242	
GLY/A/81	0	
ILE/A/82	0	
GLY/A/83	0	
VAL/A/84	0	
SER/A/85	0	
ALA/A/86	88.4183	
ALA/A/87	1.8581	
GLU/A/88	0	
VAL/A/89	0	
ILE/A/90	216.481	
MET/A/91	18.361	
THR/A/92	0	
VAL/A/93	0	
LEU/A/94	0	
HIS/A/95	0	
ALA/A/96	0.439107	
HIS/A/116	0	
GLY/A/117	0	
VAL/A/118	0	
GLY/A/119	0	
VAL/A/120	51.8461	
SER/A/121	0	
VAL/A/122	0	
VAL/A/123	0	
ASN/A/124	0	
ALA/A/125	0	
LEU/A/126	0	
SER/A/127	0	
GLN/A/128	0	
LYS/A/129	0	
LEU/A/130	0	
GLU/A/131	0	
LEU/A/132	0	
VAL/A/133	0	
ILE/A/134	0	
GLN/A/135	0	
ARG/A/136	164.897	
GLU/A/137	0	
GLY/A/138	0	
LYS/A/139	0	
ILE/A/140	0	
HIS/A/141	0	
ARG/A/142	0	
GLN/A/143	0	
ILE/A/144	0	
TYR/A/145	0	
GLU/A/146	0	
HIS/A/147	0	
GLY/A/148	0	
VAL/A/149	0	
PRO/A/150	0	
GLN/A/151	0	
ALA/A/152	0	
PRO/A/153	0	
LEU/A/154	0	
ALA/A/155	0	
VAL/A/156	0	
THR/A/157	0	
GLY/A/158	0	
GLU/A/159	0	
THR/A/160	0	
GLU/A/161	0	
LYS/A/162	0	
THR/A/163	0	
GLY/A/164	0	
THR/A/165	163.39	
MET/A/166	15.5106	
VAL/A/167	58.3307	
ARG/A/168	0	
PHE/A/169	0	
TRP/A/170	0	
PRO/A/171	0	
SER/A/172	0	
LEU/A/173	0	
GLU/A/174	0	
THR/A/175	0	
PHE/A/176	0	
THR/A/177	0	
ASN/A/178	0	
VAL/A/179	0	
THR/A/180	0	
GLU/A/181	0	
PHE/A/182	0	
GLU/A/183	0	
TYR/A/184	0	
GLU/A/185	0	
ILE/A/186	0	
LEU/A/187	0	
ALA/A/188	0	
LYS/A/189	0	
ARG/A/190	0	
LEU/A/191	0	
ARG/A/192	0	
GLU/A/193	0	
LEU/A/194	0	
SER/A/195	0	
PHE/A/196	0	
LEU/A/197	0	
ASN/A/198	0	
SER/A/199	0	
GLY/A/200	0	
VAL/A/201	0	
SER/A/202	0	
ILE/A/203	0	
ARG/A/204	0	
LEU/A/205	0	
ARG/A/206	0	
ASP/A/207	0	
LYS/A/208	0	
ARG/A/209	0	
ASP/A/210	0	
GLY/A/211	0	
LYS/A/212	0	
GLU/A/213	0	
ASP/A/214	0	
HIS/A/215	0	
PHE/A/216	0	
HIS/A/217	0	
TYR/A/218	0	
GLU/A/219	0	
