RESIDUE-v	DC/A/1	DT/A/2	DA/A/3	DT/A/4	FAG/A/5	DA/A/6	DT/A/7	DT/A/8	DC/A/9	DA/A/10	DT/B/11	DG/B/12	DA/B/13	DA/B/14	DT/B/15	DC/B/16	DA/B/17	DT/B/18	DA/B/19	DG/B/20	
DC/A/1	nan	nan	nan	nan	nan	nan	nan	nan	nan	nan	nan	nan	nan	nan	nan	nan	nan	nan	nan	nan	
DT/A/2	nan	nan	nan	nan	nan	nan	nan	nan	nan	nan	nan	nan	nan	nan	nan	nan	nan	nan	nan	nan	
DA/A/3	nan	nan	nan	nan	nan	nan	nan	nan	nan	nan	nan	nan	nan	nan	nan	nan	nan	nan	nan	nan	
DT/A/4	nan	nan	nan	nan	764.877	nan	nan	nan	nan	nan	nan	nan	nan	nan	nan	nan	nan	nan	nan	nan	
FAG/A/5	nan	nan	nan	711.453	nan	658.397	nan	nan	nan	nan	nan	nan	nan	nan	58.0012	565.72	551.215	2.25096	nan	nan	
DA/A/6	nan	nan	nan	nan	661.223	nan	nan	nan	nan	nan	nan	nan	nan	nan	nan	nan	nan	nan	nan	nan	
DT/A/7	nan	nan	nan	nan	nan	nan	nan	nan	nan	nan	nan	nan	nan	nan	nan	nan	nan	nan	nan	nan	
DT/A/8	nan	nan	nan	nan	nan	nan	nan	nan	nan	nan	nan	nan	nan	nan	nan	nan	nan	nan	nan	nan	
DC/A/9	nan	nan	nan	nan	nan	nan	nan	nan	nan	nan	nan	nan	nan	nan	nan	nan	nan	nan	nan	nan	
DA/A/10	nan	nan	nan	nan	nan	nan	nan	nan	nan	nan	nan	nan	nan	nan	nan	nan	nan	nan	nan	nan	
DT/B/11	nan	nan	nan	nan	nan	nan	nan	nan	nan	nan	nan	nan	nan	nan	nan	nan	nan	nan	nan	nan	
DG/B/12	nan	nan	nan	nan	nan	nan	nan	nan	nan	nan	nan	nan	nan	nan	nan	nan	nan	nan	nan	nan	
DA/B/13	nan	nan	nan	nan	nan	nan	nan	nan	nan	nan	nan	nan	nan	nan	nan	nan	nan	nan	nan	nan	
DA/B/14	nan	nan	nan	nan	nan	nan	nan	nan	nan	nan	nan	nan	nan	nan	nan	nan	nan	nan	nan	nan	
DT/B/15	nan	nan	nan	nan	19.8609	nan	nan	nan	nan	nan	nan	nan	nan	nan	nan	nan	nan	nan	nan	nan	
DC/B/16	nan	nan	nan	nan	714.703	nan	nan	nan	nan	nan	nan	nan	nan	nan	nan	nan	nan	nan	nan	nan	
DA/B/17	nan	nan	nan	nan	434.258	nan	nan	nan	nan	nan	nan	nan	nan	nan	nan	nan	nan	nan	nan	nan	
DT/B/18	nan	nan	nan	nan	0.627894	nan	nan	nan	nan	nan	nan	nan	nan	nan	nan	nan	nan	nan	nan	nan	
DA/B/19	nan	nan	nan	nan	nan	nan	nan	nan	nan	nan	nan	nan	nan	nan	nan	nan	nan	nan	nan	nan	
DG/B/20	nan	nan	nan	nan	nan	nan	nan	nan	nan	nan	nan	nan	nan	nan	nan	nan	nan	nan	nan	nan	
