RESIDUE-v	DA/A/1	DG/A/2	DG/A/3	DC/A/4	DG/A/5	DC/A/6	DC/A/7	DT/A/8	DA/B/9	DG/B/10	DG/B/11	DC/B/12	DG/B/13	DC/B/14	DC/B/15	DT/B/16	TME/A/9	
DA/A/1	nan	nan	nan	nan	nan	nan	nan	nan	nan	nan	nan	nan	nan	nan	nan	nan	nan	
DG/A/2	nan	nan	nan	nan	nan	nan	nan	nan	nan	nan	nan	nan	nan	nan	nan	nan	nan	
DG/A/3	nan	nan	nan	nan	nan	nan	nan	nan	nan	nan	nan	nan	nan	nan	nan	nan	8.32368	
DC/A/4	nan	nan	nan	nan	nan	nan	nan	nan	nan	nan	nan	nan	nan	nan	nan	nan	17.1281	
DG/A/5	nan	nan	nan	nan	nan	nan	nan	nan	nan	nan	nan	nan	nan	nan	nan	nan	70.9182	
DC/A/6	nan	nan	nan	nan	nan	nan	nan	nan	nan	nan	nan	nan	nan	nan	nan	nan	56.6446	
DC/A/7	nan	nan	nan	nan	nan	nan	nan	nan	nan	nan	nan	nan	nan	nan	nan	nan	37.5931	
DT/A/8	nan	nan	nan	nan	nan	nan	nan	nan	nan	nan	nan	nan	nan	nan	nan	nan	nan	
DA/B/9	nan	nan	nan	nan	nan	nan	nan	nan	nan	nan	nan	nan	nan	nan	nan	nan	nan	
DG/B/10	nan	nan	nan	nan	nan	nan	nan	nan	nan	nan	nan	nan	nan	nan	nan	nan	nan	
DG/B/11	nan	nan	nan	nan	nan	nan	nan	nan	nan	nan	nan	nan	nan	nan	nan	nan	10.4734	
DC/B/12	nan	nan	nan	nan	nan	nan	nan	nan	nan	nan	nan	nan	nan	nan	nan	nan	10.0333	
DG/B/13	nan	nan	nan	nan	nan	nan	nan	nan	nan	nan	nan	nan	nan	nan	nan	nan	71.5382	
DC/B/14	nan	nan	nan	nan	nan	nan	nan	nan	nan	nan	nan	nan	nan	nan	nan	nan	48.1391	
DC/B/15	nan	nan	nan	nan	nan	nan	nan	nan	nan	nan	nan	nan	nan	nan	nan	nan	45.5017	
DT/B/16	nan	nan	nan	nan	nan	nan	nan	nan	nan	nan	nan	nan	nan	nan	nan	nan	nan	
TME/A/9	nan	nan	35.1134	60.244	225.12	262.044	81.1261	nan	nan	nan	25.9937	36.5289	222.956	249.766	86.1177	nan	nan	
