LIGAND<-PROTEIN	MUS/A/700	
LEU/A/1	0	
ALA/A/2	0	
PRO/A/3	0	
GLY/A/4	0	
SER/A/5	0	
SER/A/6	0	
ARG/A/7	0	
VAL/A/8	0	
GLU/A/9	0	
LEU/A/10	0	
PHE/A/11	0	
LYS/A/12	0	
ARG/A/13	0	
GLN/A/14	0	
SER/A/15	0	
SER/A/16	0	
LYS/A/17	0	
VAL/A/18	0	
PRO/A/19	0	
PHE/A/20	0	
GLU/A/21	0	
LYS/A/22	0	
ASP/A/23	0	
GLY/A/24	0	
LYS/A/25	0	
VAL/A/26	0	
THR/A/27	0	
GLU/A/28	0	
ARG/A/29	0	
VAL/A/30	0	
VAL/A/31	0	
HIS/A/32	0	
SER/A/33	0	
PHE/A/34	0	
ARG/A/35	203.782	
LEU/A/36	39.1472	
PRO/A/37	0	
ALA/A/38	0	
LEU/A/39	0	
VAL/A/40	0	
ASN/A/41	0	
VAL/A/42	0	
ASP/A/43	0	
GLY/A/44	0	
VAL/A/45	0	
MET/A/46	0	
VAL/A/47	0	
ALA/A/48	0	
ILE/A/49	0	
ALA/A/50	0	
ASP/A/51	1.3341	
ALA/A/52	0	
ARG/A/53	77.74	
TYR/A/54	0	
GLU/A/55	0	
THR/A/56	0	
SER/A/57	0	
PHE/A/58	0	
ALA/A/59	170.037	
ASN/A/60	12.1594	
SER/A/61	0	
LEU/A/62	0	
ILE/A/63	0	
ASP/A/64	0	
THR/A/65	0	
VAL/A/66	0	
ALA/A/67	0	
LYS/A/68	0	
TYR/A/69	0	
SER/A/70	0	
VAL/A/71	0	
ASP/A/72	0	
ASP/A/73	0	
GLY/A/74	0	
GLU/A/75	0	
THR/A/76	0	
TRP/A/77	0	
GLU/A/78	0	
THR/A/79	0	
GLN/A/80	0	
ILE/A/81	0	
ALA/A/82	0	
ILE/A/83	0	
LYS/A/84	0	
ASN/A/85	0	
SER/A/86	0	
ARG/A/87	0	
ALA/A/88	0	
SER/A/89	0	
SER/A/90	0	
VAL/A/91	0	
SER/A/92	0	
ARG/A/93	0.179053	
VAL/A/94	0	
VAL/A/95	35.5704	
ASP/A/96	168.918	
PRO/A/97	0	
THR/A/98	0	
VAL/A/99	0	
ILE/A/100	0	
VAL/A/101	0	
LYS/A/102	0	
GLY/A/103	0	
ASN/A/104	0	
LYS/A/105	0	
LEU/A/106	0	
TYR/A/107	0	
VAL/A/108	0	
LEU/A/109	0	
VAL/A/110	0	
GLY/A/111	0	
SER/A/112	0	
TYR/A/113	7.25294	
ASN/A/114	0	
SER/A/115	0	
SER/A/116	0	
ARG/A/117	0	
SER/A/118	0	
TYR/A/119	348.625	
TRP/A/120	213.942	
THR/A/121	38.9859	
SER/A/122	0	
HIS/A/123	0	
GLY/A/124	0	
ASP/A/125	0	
ALA/A/126	0	
ARG/A/127	0	
ASP/A/128	0	
TRP/A/129	0	
ASP/A/130	0	
ILE/A/131	0	
LEU/A/132	0	
LEU/A/133	0	
ALA/A/134	0	
VAL/A/135	0	
GLY/A/136	0	
GLU/A/137	0	
VAL/A/138	0	
THR/A/139	0	
LYS/A/140	0	
SER/A/141	0	
THR/A/142	0	
ALA/A/143	0	
GLY/A/144	0	
GLY/A/145	0	
LYS/A/146	0	
ILE/A/147	0	
THR/A/148	0	
ALA/A/149	0	
SER/A/150	0	
ILE/A/151	0	
LYS/A/152	0	
TRP/A/153	0	
GLY/A/154	0	
SER/A/155	0	
PRO/A/156	0	
VAL/A/157	0	
SER/A/158	0	
LEU/A/159	0	
LYS/A/160	0	
GLU/A/161	0	
PHE/A/162	0	
PHE/A/163	0	
PRO/A/164	0	
ALA/A/165	0	
GLU/A/166	0	
MET/A/167	0	
GLU/A/168	0	
GLY/A/169	0	
MET/A/170	0	
HIS/A/171	0	
THR/A/172	0	
ASN/A/173	0	
GLN/A/174	0	
PHE/A/175	0	
LEU/A/176	23.9726	
GLY/A/177	0	
GLY/A/178	0	
ALA/A/179	0	
GLY/A/180	0	
VAL/A/181	0	
ALA/A/182	0	
ILE/A/183	0	
VAL/A/184	0	
ALA/A/185	0	
SER/A/186	0	
ASN/A/187	0	
GLY/A/188	0	
ASN/A/189	0	
LEU/A/190	0	
VAL/A/191	0	
TYR/A/192	0	
PRO/A/193	0	
VAL/A/194	0	
GLN/A/195	11.1425	
VAL/A/196	0	
THR/A/197	0	
ASN/A/198	0	
LYS/A/199	0	
LYS/A/200	0	
LYS/A/201	0	
GLN/A/202	0	
VAL/A/203	0	
PHE/A/204	0	
SER/A/205	0	
LYS/A/206	0	
ILE/A/207	0	
PHE/A/208	0	
TYR/A/209	0	
SER/A/210	0	
GLU/A/211	0	
ASP/A/212	0	
GLU/A/213	0	
GLY/A/214	0	
LYS/A/215	0	
THR/A/216	0	
TRP/A/217	0	
LYS/A/218	0	
PHE/A/219	0	
GLY/A/220	0	
LYS/A/221	0	
GLY/A/222	0	
ARG/A/223	0	
SER/A/224	0	
ALA/A/225	0	
PHE/A/226	0	
GLY/A/227	0	
CYS/A/228	0	
SER/A/229	20.5509	
GLU/A/230	88.772	
PRO/A/231	0	
VAL/A/232	0	
ALA/A/233	0	
LEU/A/234	0	
GLU/A/235	0	
TRP/A/236	0	
GLU/A/237	0	
GLY/A/238	0	
LYS/A/239	0	
LEU/A/240	0	
ILE/A/241	0	
ILE/A/242	0	
ASN/A/243	0	
THR/A/244	0	
ARG/A/245	157.285	
VAL/A/246	0	
ASP/A/247	15.4947	
TYR/A/248	0	
ARG/A/249	0	
ARG/A/250	0	
ARG/A/251	0	
LEU/A/252	0	
VAL/A/253	0	
TYR/A/254	0	
GLU/A/255	0	
SER/A/256	0	
SER/A/257	0	
ASP/A/258	0	
MET/A/259	0	
GLY/A/260	0	
ASN/A/261	0	
THR/A/262	0	
TRP/A/263	0	
LEU/A/264	0	
GLU/A/265	0	
ALA/A/266	0	
VAL/A/267	0	
GLY/A/268	0	
THR/A/269	0	
LEU/A/270	0	
SER/A/271	0	
ARG/A/272	0	
VAL/A/273	0	
TRP/A/274	0	
GLY/A/275	0	
PRO/A/276	0	
SER/A/277	0	
PRO/A/278	0	
LYS/A/279	0	
SER/A/280	0	
ASN/A/281	0	
GLN/A/282	0	
PRO/A/283	0	
GLY/A/284	1.19115	
SER/A/285	0.49242	
GLN/A/286	0	
SER/A/287	0	
SER/A/288	0	
PHE/A/289	0	
THR/A/290	0	
ALA/A/291	0	
VAL/A/292	0	
THR/A/293	0	
ILE/A/294	0	
GLU/A/295	0	
GLY/A/296	0	
MET/A/297	0	
ARG/A/298	0	
VAL/A/299	0	
MET/A/300	0	
LEU/A/301	0	
PHE/A/302	0	
THR/A/303	0	
HIS/A/304	0	
PRO/A/305	0	
LEU/A/306	0	
ASN/A/307	0	
PHE/A/308	0	
LYS/A/309	0	
GLY/A/310	0	
ARG/A/311	11.0834	
TRP/A/312	488.068	
LEU/A/313	0	
ARG/A/314	109.12	
ASP/A/315	0	
ARG/A/316	0	
LEU/A/317	0	
ASN/A/318	0	
LEU/A/319	0	
TRP/A/320	0	
LEU/A/321	0	
THR/A/322	0	
ASP/A/323	0	
ASN/A/324	0	
GLN/A/325	0	
ARG/A/326	0	
ILE/A/327	0	
TYR/A/328	0	
ASN/A/329	0	
VAL/A/330	0	
GLY/A/331	0	
GLN/A/332	0	
VAL/A/333	0	
SER/A/334	0	
ILE/A/335	0	
GLY/A/336	0	
ASP/A/337	0	
GLU/A/338	0	
ASN/A/339	0	
SER/A/340	0	
ALA/A/341	0.546843	
TYR/A/342	154.712	
SER/A/343	0	
SER/A/344	0	
VAL/A/345	0	
LEU/A/346	0	
TYR/A/347	0	
LYS/A/348	0	
ASP/A/349	0	
ASP/A/350	0	
LYS/A/351	0	
LEU/A/352	0	
TYR/A/353	0	
CYS/A/354	0	
LEU/A/355	0	
HIS/A/356	0	
GLU/A/357	0	
ILE/A/358	0	
ASN/A/359	0	
SER/A/360	0	
ASN/A/361	0	
GLU/A/362	36.3153	
VAL/A/363	0	
TYR/A/364	17.7598	
SER/A/365	0	
LEU/A/366	0	
VAL/A/367	0	
PHE/A/368	0	
ALA/A/369	0	
ARG/A/370	0	
LEU/A/371	0	
VAL/A/372	0	
GLY/A/373	0	
GLU/A/374	0	
LEU/A/375	0	
ARG/A/376	0	
ILE/A/377	0	
ILE/A/378	0	
LYS/A/379	0	
SER/A/380	0	
VAL/A/381	0	
LEU/A/382	0	
GLN/A/383	0	
SER/A/384	0	
TRP/A/385	0	
LYS/A/386	0	
ASN/A/387	0	
TRP/A/388	0	
ASP/A/389	0	
SER/A/390	0	
HIS/A/391	0	
LEU/A/392	0	
SER/A/393	0	
SER/A/394	0	
ILE/A/395	0	
CYS/A/396	0	
THR/A/397	0	
PRO/A/398	0	
ALA/A/399	0	
GLY/A/409	0	
CYS/A/410	0	
GLY/A/411	0	
PRO/A/412	0	
ALA/A/413	0	
VAL/A/414	0	
THR/A/415	0	
THR/A/416	0	
VAL/A/417	0	
GLY/A/418	0	
LEU/A/419	0	
VAL/A/420	0	
GLY/A/421	0	
PHE/A/422	0	
LEU/A/423	0	
SER/A/424	0	
HIS/A/425	0	
SER/A/426	0	
ALA/A/427	0	
THR/A/428	0	
LYS/A/429	0	
THR/A/430	0	
GLU/A/431	0	
TRP/A/432	0	
GLU/A/433	0	
ASP/A/434	0	
ALA/A/435	0	
TYR/A/436	0	
ARG/A/437	0	
CYS/A/438	0	
VAL/A/439	0	
ASN/A/440	0	
ALA/A/441	0	
SER/A/442	0	
THR/A/443	0	
ALA/A/444	0	
ASN/A/445	0	
ALA/A/446	0	
GLU/A/447	0	
ARG/A/448	0	
VAL/A/449	0	
PRO/A/450	0	
ASN/A/451	0	
GLY/A/452	0	
LEU/A/453	0	
LYS/A/454	0	
PHE/A/455	0	
ALA/A/456	0	
GLY/A/457	0	
VAL/A/458	0	
GLY/A/459	0	
GLY/A/460	0	
GLY/A/461	0	
ALA/A/462	0	
LEU/A/463	0	
TRP/A/464	0	
PRO/A/465	0	
VAL/A/466	0	
SER/A/467	0	
GLN/A/468	0	
GLN/A/469	0	
GLY/A/470	0	
GLN/A/471	0	
ASN/A/472	0	
GLN/A/473	0	
ARG/A/474	0	
TYR/A/475	0	
HIS/A/476	0	
PHE/A/477	0	
ALA/A/478	0	
ASN/A/479	0	
HIS/A/480	0	
ALA/A/481	0	
PHE/A/482	0	
THR/A/483	0	
LEU/A/484	0	
VAL/A/485	0	
ALA/A/486	0	
SER/A/487	0	
VAL/A/488	0	
THR/A/489	0	
ILE/A/490	0	
HIS/A/491	0	
GLU/A/492	0	
VAL/A/493	0	
PRO/A/494	0	
LYS/A/495	0	
GLY/A/496	0	
ALA/A/497	0	
SER/A/498	0	
PRO/A/499	0	
LEU/A/500	0	
LEU/A/501	0	
GLY/A/502	0	
ALA/A/503	0	
SER/A/504	0	
LEU/A/505	0	
ASP/A/506	0	
SER/A/507	0	
SER/A/508	0	
GLY/A/509	0	
GLY/A/510	0	
LYS/A/511	0	
LYS/A/512	0	
LEU/A/513	0	
LEU/A/514	0	
GLY/A/515	0	
LEU/A/516	0	
SER/A/517	0	
TYR/A/518	0	
ASP/A/519	0	
LYS/A/520	0	
ARG/A/521	0	
HIS/A/522	0	
GLN/A/523	0	
TRP/A/524	0	
GLN/A/525	0	
PRO/A/526	0	
ILE/A/527	0	
TYR/A/528	0	
GLY/A/529	0	
SER/A/530	0	
THR/A/531	0	
PRO/A/532	0	
VAL/A/533	0	
THR/A/534	0	
PRO/A/535	0	
THR/A/536	0	
GLY/A/537	0	
SER/A/538	0	
TRP/A/539	0	
GLU/A/540	0	
MET/A/541	0	
GLY/A/542	0	
LYS/A/543	0	
ARG/A/544	0	
TYR/A/545	0	
HIS/A/546	0	
VAL/A/547	0	
VAL/A/548	0	
LEU/A/549	0	
THR/A/550	0	
MET/A/551	0	
ALA/A/552	0	
ASN/A/553	0	
LYS/A/554	0	
ILE/A/555	0	
GLY/A/556	0	
SER/A/557	0	
VAL/A/558	0	
TYR/A/559	0	
ILE/A/560	0	
ASP/A/561	0	
GLY/A/562	0	
GLU/A/563	0	
PRO/A/564	0	
LEU/A/565	0	
GLU/A/566	0	
GLY/A/567	0	
SER/A/568	0	
GLY/A/569	0	
GLN/A/570	0	
THR/A/571	0	
VAL/A/572	0	
VAL/A/573	0	
PRO/A/574	0	
ASP/A/575	0	
GLU/A/576	0	
ARG/A/577	0	
THR/A/578	0	
PRO/A/579	0	
ASP/A/580	0	
ILE/A/581	0	
SER/A/582	0	
HIS/A/583	0	
PHE/A/584	0	
TYR/A/585	0	
VAL/A/586	0	
GLY/A/587	0	
GLY/A/588	0	
TYR/A/589	0	
LYS/A/590	0	
ARG/A/591	0	
SER/A/592	0	
GLY/A/593	0	
MET/A/594	0	
PRO/A/595	0	
THR/A/596	0	
ASP/A/597	0	
SER/A/598	0	
ARG/A/599	0	
VAL/A/600	0	
THR/A/601	0	
VAL/A/602	0	
ASN/A/603	0	
ASN/A/604	0	
VAL/A/605	0	
LEU/A/606	0	
LEU/A/607	0	
TYR/A/608	0	
ASN/A/609	0	
ARG/A/610	0	
GLN/A/611	0	
LEU/A/612	0	
ASN/A/613	0	
ALA/A/614	0	
GLU/A/615	0	
GLU/A/616	0	
ILE/A/617	0	
ARG/A/618	0	
THR/A/619	0	
LEU/A/620	0	
PHE/A/621	0	
LEU/A/622	0	
SER/A/623	0	
GLN/A/624	0	
ASP/A/625	0	
LEU/A/626	0	
ILE/A/627	0	
GLY/A/628	0	
THR/A/629	0	
GLU/A/630	0	
ALA/A/631	0	
HIS/A/632	0	
