LIGAND<-PROTEIN	BRZ/C/960	
MET/A/1	0	
PRO/A/2	0	
ILE/A/3	0	
LYS/A/4	0	
VAL/A/5	0	
GLY/A/6	0	
ILE/A/7	0	
ASN/A/8	0	
GLY/A/9	0	
PHE/A/10	0	
GLY/A/11	0	
ARG/A/12	0	
ILE/A/13	0	
GLY/A/14	0	
ARG/A/15	0	
MET/A/16	0	
VAL/A/17	0	
PHE/A/18	0	
GLN/A/19	0	
ALA/A/20	0	
LEU/A/21	0	
CYS/A/22	0	
GLU/A/23	0	
ASP/A/24	0	
GLY/A/25	0	
LEU/A/26	0	
LEU/A/27	0	
GLY/A/28	0	
THR/A/29	0	
GLU/A/30	0	
ILE/A/31	0	
ASP/A/32	0	
VAL/A/33	0	
VAL/A/34	0	
ALA/A/35	0	
VAL/A/36	0	
VAL/A/37	0	
ASP/A/38	0	
MET/A/39	0	
ASN/A/40	0	
THR/A/41	0	
ASP/A/42	0	
ALA/A/43	0	
GLU/A/44	0	
TYR/A/45	0	
PHE/A/46	0	
ALA/A/47	0	
TYR/A/48	0	
GLN/A/49	0	
MET/A/50	0	
ARG/A/51	0	
TYR/A/52	0	
ASP/A/53	0	
THR/A/54	0	
VAL/A/55	0	
HIS/A/56	0	
GLY/A/57	0	
LYS/A/58	0	
PHE/A/59	0	
LYS/A/60	0	
TYR/A/61	0	
GLU/A/62	0	
VAL/A/63	0	
THR/A/64	0	
THR/A/65	0	
THR/A/66	0	
LYS/A/67	0	
SER/A/68	0	
SER/A/69	0	
PRO/A/70	0	
SER/A/71	0	
VAL/A/72	0	
ALA/A/73	0	
LYS/A/74	0	
ASP/A/75	0	
ASP/A/76	0	
THR/A/77	0	
LEU/A/78	0	
VAL/A/79	0	
VAL/A/80	0	
ASN/A/81	0	
GLY/A/82	0	
HIS/A/83	0	
ARG/A/84	0	
ILE/A/85	0	
LEU/A/86	0	
CYS/A/87	0	
VAL/A/88	0	
LYS/A/89	0	
ALA/A/90	0	
GLN/A/91	0	
ARG/A/92	0	
ASN/A/93	0	
PRO/A/94	0	
ALA/A/95	0	
ASP/A/96	0	
LEU/A/97	0	
PRO/A/98	0	
TRP/A/99	0	
GLY/A/100	0	
LYS/A/101	0	
LEU/A/102	0	
GLY/A/103	0	
VAL/A/104	0	
GLU/A/105	0	
TYR/A/106	0	
VAL/A/107	0	
ILE/A/108	0	
GLU/A/109	0	
SER/A/110	0	
THR/A/111	0	
GLY/A/112	0	
LEU/A/113	0	
PHE/A/114	0	
THR/A/115	0	
ALA/A/116	0	
LYS/A/117	0	
ALA/A/118	0	
ALA/A/119	0	
ALA/A/120	0	
GLU/A/121	0	
GLY/A/122	0	
HIS/A/123	0	
LEU/A/124	0	
ARG/A/125	0	
GLY/A/126	0	
GLY/A/127	0	
ALA/A/128	0	
ARG/A/129	0	
LYS/A/130	0	
VAL/A/131	0	
VAL/A/132	0	
ILE/A/133	0	
SER/A/134	0	
ALA/A/135	0	
PRO/A/136	0	
ALA/A/137	0	
SER/A/138	0	
GLY/A/139	0	
GLY/A/140	0	
ALA/A/141	0	
LYS/A/142	0	
THR/A/143	0	
LEU/A/144	0	
VAL/A/145	0	
MET/A/146	0	
GLY/A/147	0	
VAL/A/148	0	
ASN/A/149	0	
HIS/A/150	0	
HIS/A/151	0	
GLU/A/152	0	
TYR/A/153	0	
ASN/A/154	0	
PRO/A/155	0	
SER/A/156	0	
GLU/A/157	0	
HIS/A/158	0	
HIS/A/159	0	
VAL/A/160	0	
VAL/A/161	0	
SER/A/162	0	
ASN/A/163	0	
ALA/A/164	0	
SER/A/165	0	
CYS/A/166	0	
THR/A/167	0	
THR/A/168	0	
ASN/A/169	0	
CYS/A/170	0	
LEU/A/171	0	
ALA/A/172	0	
PRO/A/173	0	
ILE/A/174	0	
VAL/A/175	0	
HIS/A/176	0	
VAL/A/177	0	
LEU/A/178	0	
VAL/A/179	0	
LYS/A/180	0	
GLU/A/181	0	
GLY/A/182	0	
PHE/A/183	0	
GLY/A/184	0	
VAL/A/185	0	
GLN/A/186	0	
THR/A/187	0	
GLY/A/188	0	
LEU/A/189	0	
MET/A/190	0	
THR/A/191	0	
THR/A/192	0	
ILE/A/193	0	
HIS/A/194	0	
SER/A/195	0	
TYR/A/196	0	
THR/A/197	0	
ALA/A/198	0	
THR/A/199	0	
GLN/A/200	0	
LYS/A/201	0	
THR/A/202	0	
VAL/A/203	0	
ASP/A/204	0	
GLY/A/205	0	
VAL/A/206	0	
SER/A/207	0	
VAL/A/208	0	
LYS/A/209	0	
ASP/A/210	0	
TRP/A/211	0	
ARG/A/212	0	
GLY/A/213	0	
GLY/A/214	0	
ARG/A/215	0	
ALA/A/216	0	
ALA/A/217	0	
ALA/A/218	0	
VAL/A/219	0	
ASN/A/220	0	
ILE/A/221	0	
ILE/A/222	0	
PRO/A/223	0	
SER/A/224	0	
THR/A/225	0	
THR/A/226	0	
GLY/A/227	0	
ALA/A/228	0	
ALA/A/229	0	
LYS/A/230	0	
ALA/A/231	0	
VAL/A/232	0	
GLY/A/233	0	
MET/A/234	0	
VAL/A/235	0	
ILE/A/236	0	
PRO/A/237	0	
SER/A/238	0	
THR/A/239	0	
GLN/A/240	0	
GLY/A/241	0	
LYS/A/242	0	
LEU/A/243	0	
THR/A/244	0	
GLY/A/245	0	
MET/A/246	0	
SER/A/247	0	
PHE/A/248	0	
ARG/A/249	0	
VAL/A/250	0	
PRO/A/251	0	
THR/A/252	0	
PRO/A/253	0	
ASP/A/254	0	
VAL/A/255	0	
SER/A/256	0	
VAL/A/257	0	
VAL/A/258	0	
ASP/A/259	0	
LEU/A/260	0	
THR/A/261	0	
PHE/A/262	0	
THR/A/263	0	
ALA/A/264	0	
ALA/A/265	0	
ARG/A/266	0	
ASP/A/267	0	
THR/A/268	0	
SER/A/269	0	
ILE/A/270	0	
GLN/A/271	0	
GLU/A/272	0	
ILE/A/273	0	
ASP/A/274	0	
ALA/A/275	0	
ALA/A/276	0	
LEU/A/277	0	
LYS/A/278	0	
ARG/A/279	0	
ALA/A/280	0	
SER/A/281	0	
LYS/A/282	0	
THR/A/283	0	
TYR/A/284	0	
MET/A/285	0	
LYS/A/286	0	
GLY/A/287	0	
ILE/A/288	0	
LEU/A/289	0	
GLY/A/290	0	
TYR/A/291	0	
THR/A/292	0	
ASP/A/293	0	
GLU/A/294	0	
GLU/A/295	0	
LEU/A/296	0	
VAL/A/297	0	
SER/A/298	0	
ALA/A/299	0	
ASP/A/300	0	
PHE/A/301	0	
ILE/A/302	0	
ASN/A/303	0	
ASP/A/304	0	
ASN/A/305	0	
ARG/A/306	0	
SER/A/307	0	
SER/A/308	0	
ILE/A/309	0	
TYR/A/310	0	
ASP/A/311	0	
SER/A/312	0	
LYS/A/313	0	
ALA/A/314	0	
THR/A/315	0	
LEU/A/316	0	
GLN/A/317	0	
ASN/A/318	0	
ASN/A/319	0	
LEU/A/320	0	
PRO/A/321	0	
LYS/A/322	0	
GLU/A/323	0	
ARG/A/324	0	
ARG/A/325	0	
PHE/A/326	0	
PHE/A/327	0	
LYS/A/328	0	
ILE/A/329	0	
VAL/A/330	0	
SER/A/331	0	
TRP/A/332	0	
TYR/A/333	0	
ASP/A/334	0	
ASN/A/335	0	
GLU/A/336	0	
TRP/A/337	0	
GLY/A/338	0	
TYR/A/339	0	
SER/A/340	0	
HIS/A/341	0	
ARG/A/342	0	
VAL/A/343	0	
VAL/A/344	0	
ASP/A/345	0	
LEU/A/346	0	
VAL/A/347	0	
ARG/A/348	0	
HIS/A/349	0	
MET/A/350	0	
ALA/A/351	0	
SER/A/352	0	
LYS/A/353	0	
ASP/A/354	0	
ARG/A/355	0	
SER/A/356	0	
ALA/A/357	0	
ARG/A/358	0	
LEU/A/359	0	
MET/B/1	0	
PRO/B/2	0	
ILE/B/3	0	
LYS/B/4	0	
VAL/B/5	0	
GLY/B/6	0	
ILE/B/7	0	
ASN/B/8	0	
GLY/B/9	0	
PHE/B/10	0	
GLY/B/11	0	
ARG/B/12	0	
ILE/B/13	0	
GLY/B/14	0	
ARG/B/15	0	
MET/B/16	0	
VAL/B/17	0	
PHE/B/18	0	
GLN/B/19	0	
ALA/B/20	0	
LEU/B/21	0	
CYS/B/22	0	
GLU/B/23	0	
ASP/B/24	0	
GLY/B/25	0	
LEU/B/26	0	
LEU/B/27	0	
GLY/B/28	0	
THR/B/29	0	
GLU/B/30	0	
ILE/B/31	0	
ASP/B/32	0	
VAL/B/33	0	
VAL/B/34	0	
ALA/B/35	0	
VAL/B/36	0	
VAL/B/37	0	
ASP/B/38	0	
MET/B/39	0	
ASN/B/40	0	
THR/B/41	0	
ASP/B/42	0	
ALA/B/43	0	
GLU/B/44	0	
TYR/B/45	0	
PHE/B/46	0	
ALA/B/47	0	
TYR/B/48	0	
GLN/B/49	0	
MET/B/50	0	
ARG/B/51	0	
TYR/B/52	0	
ASP/B/53	0	
THR/B/54	0	
VAL/B/55	0	
HIS/B/56	0	
GLY/B/57	0	
LYS/B/58	0	
PHE/B/59	0	
LYS/B/60	0	
TYR/B/61	0	
GLU/B/62	0	
VAL/B/63	0	
THR/B/64	0	
THR/B/65	0	
THR/B/66	0	
LYS/B/67	0	
SER/B/68	0	
SER/B/69	0	
PRO/B/70	0	
SER/B/71	0	
VAL/B/72	0	
ALA/B/73	0	
LYS/B/74	0	
ASP/B/75	0	
ASP/B/76	0	
THR/B/77	0	
LEU/B/78	0	
VAL/B/79	0	
VAL/B/80	0	
ASN/B/81	0	
GLY/B/82	0	
HIS/B/83	0	
ARG/B/84	0	
ILE/B/85	0	
LEU/B/86	0	
CYS/B/87	0	
VAL/B/88	0	
LYS/B/89	0	
ALA/B/90	0	
GLN/B/91	0	
ARG/B/92	0	
ASN/B/93	0	
PRO/B/94	0	
ALA/B/95	0	
ASP/B/96	0	
LEU/B/97	0	
PRO/B/98	0	
TRP/B/99	0	
GLY/B/100	0	
LYS/B/101	0	
LEU/B/102	0	
GLY/B/103	0	
VAL/B/104	0	
GLU/B/105	0	
TYR/B/106	0	
VAL/B/107	0	
ILE/B/108	0	
GLU/B/109	0	
SER/B/110	0	
THR/B/111	0	
GLY/B/112	0	
LEU/B/113	0	
PHE/B/114	0	
THR/B/115	0	
ALA/B/116	0	
LYS/B/117	0	
ALA/B/118	0	
ALA/B/119	0	
ALA/B/120	0	
GLU/B/121	0	
GLY/B/122	0	
HIS/B/123	0	
LEU/B/124	0	
ARG/B/125	0	
GLY/B/126	0	
GLY/B/127	0	
ALA/B/128	0	
ARG/B/129	0	
LYS/B/130	0	
VAL/B/131	0	
VAL/B/132	0	
ILE/B/133	0	
SER/B/134	0	
ALA/B/135	0	
PRO/B/136	0	
ALA/B/137	0	
SER/B/138	0	
GLY/B/139	0	
GLY/B/140	0	
ALA/B/141	0	
LYS/B/142	0	
THR/B/143	0	
LEU/B/144	0	
VAL/B/145	0	
MET/B/146	0	
GLY/B/147	0	
VAL/B/148	0	
ASN/B/149	0	
HIS/B/150	0	
HIS/B/151	0	
GLU/B/152	0	
TYR/B/153	0	
ASN/B/154	0	
PRO/B/155	0	
SER/B/156	0	
GLU/B/157	0	
HIS/B/158	0	
HIS/B/159	0	
VAL/B/160	0	
VAL/B/161	0	
SER/B/162	0	
ASN/B/163	0	
ALA/B/164	0	
SER/B/165	0	
CYS/B/166	0	
THR/B/167	0	
THR/B/168	0	
ASN/B/169	0	
CYS/B/170	0	
LEU/B/171	0	
ALA/B/172	0	
PRO/B/173	0	
ILE/B/174	0	
VAL/B/175	0	
HIS/B/176	0	
VAL/B/177	0	
LEU/B/178	0	
VAL/B/179	0	
LYS/B/180	0	
GLU/B/181	0	
GLY/B/182	0	
PHE/B/183	0	
GLY/B/184	0	
VAL/B/185	0	
GLN/B/186	0	
THR/B/187	0	
GLY/B/188	0	
LEU/B/189	0	
MET/B/190	0	
THR/B/191	0	
THR/B/192	0	
ILE/B/193	0	
HIS/B/194	0	
SER/B/195	0	
TYR/B/196	0	
THR/B/197	0	
ALA/B/198	0	
THR/B/199	0	
GLN/B/200	0	
LYS/B/201	0	
THR/B/202	0	
VAL/B/203	0	
ASP/B/204	0	
GLY/B/205	0	
VAL/B/206	0	
SER/B/207	0	
VAL/B/208	0	
LYS/B/209	0	
ASP/B/210	0	
TRP/B/211	0	
ARG/B/212	0	
GLY/B/213	0	
GLY/B/214	0	
ARG/B/215	0	
ALA/B/216	0	
ALA/B/217	0	
ALA/B/218	0	
VAL/B/219	0	
ASN/B/220	0	
ILE/B/221	0	
ILE/B/222	0	
PRO/B/223	0	
SER/B/224	0	
THR/B/225	0	
THR/B/226	0	
GLY/B/227	0	
ALA/B/228	0	
ALA/B/229	0	
LYS/B/230	0	
ALA/B/231	0	
VAL/B/232	0	
GLY/B/233	0	
MET/B/234	0	
VAL/B/235	0	
ILE/B/236	0	
PRO/B/237	0	
SER/B/238	0	
THR/B/239	0	
GLN/B/240	0	
GLY/B/241	0	
LYS/B/242	0	
LEU/B/243	0	
THR/B/244	0	
GLY/B/245	0	
MET/B/246	0	
SER/B/247	0	
PHE/B/248	0	
ARG/B/249	0	
VAL/B/250	0	
PRO/B/251	0	
THR/B/252	0	
PRO/B/253	0	
ASP/B/254	0	
VAL/B/255	0	
SER/B/256	0	
VAL/B/257	0	
VAL/B/258	0	
ASP/B/259	0	
LEU/B/260	0	
THR/B/261	0	
PHE/B/262	0	
THR/B/263	0	
ALA/B/264	0	
ALA/B/265	0	
ARG/B/266	0	
ASP/B/267	0	
THR/B/268	0	
SER/B/269	0	
ILE/B/270	0	
GLN/B/271	0	
GLU/B/272	0	
ILE/B/273	0	
ASP/B/274	0	
ALA/B/275	0	
ALA/B/276	0	
LEU/B/277	0	
LYS/B/278	0	
ARG/B/279	0	
ALA/B/280	0	
SER/B/281	0	
LYS/B/282	0	
THR/B/283	0	
TYR/B/284	0	
MET/B/285	0	
LYS/B/286	0	
GLY/B/287	0	
ILE/B/288	0	
LEU/B/289	0	
GLY/B/290	0	
TYR/B/291	0	
THR/B/292	0	
ASP/B/293	0	
GLU/B/294	0	
GLU/B/295	0	
LEU/B/296	0	
VAL/B/297	0	
SER/B/298	0	
ALA/B/299	0	
ASP/B/300	0	
PHE/B/301	0	
ILE/B/302	0	
ASN/B/303	0	
ASP/B/304	0	
ASN/B/305	0	
ARG/B/306	0	
SER/B/307	0	
SER/B/308	0	
ILE/B/309	0	
TYR/B/310	0	
ASP/B/311	0	
SER/B/312	0	
LYS/B/313	0	
ALA/B/314	0	
THR/B/315	0	
LEU/B/316	0	
GLN/B/317	0	
ASN/B/318	0	
ASN/B/319	0	
LEU/B/320	0	
PRO/B/321	0	
LYS/B/322	0	
GLU/B/323	0	
ARG/B/324	0	
ARG/B/325	0	
PHE/B/326	0	
PHE/B/327	0	
LYS/B/328	0	
ILE/B/329	0	
VAL/B/330	0	
SER/B/331	0	
TRP/B/332	0	
TYR/B/333	0	
ASP/B/334	0	
ASN/B/335	0	
GLU/B/336	0	
TRP/B/337	0	
GLY/B/338	0	
TYR/B/339	0	
SER/B/340	0	
HIS/B/341	0	
ARG/B/342	0	
VAL/B/343	0	
VAL/B/344	0	
ASP/B/345	0	
LEU/B/346	0	
VAL/B/347	0	
ARG/B/348	0	
HIS/B/349	0	
MET/B/350	0	
ALA/B/351	0	
SER/B/352	0	
LYS/B/353	0	
ASP/B/354	0	
ARG/B/355	0	
SER/B/356	0	
ALA/B/357	0	
ARG/B/358	0	
LEU/B/359	0	
MET/C/1	0	
PRO/C/2	0	
ILE/C/3	0	
LYS/C/4	0	
VAL/C/5	0	
GLY/C/6	0	
ILE/C/7	0	
ASN/C/8	0	
GLY/C/9	0	
PHE/C/10	0	
GLY/C/11	0	
ARG/C/12	0	
ILE/C/13	41.8239	
GLY/C/14	0	
ARG/C/15	0	
MET/C/16	0	
VAL/C/17	0	
PHE/C/18	0	
GLN/C/19	0	
ALA/C/20	0	
LEU/C/21	0	
CYS/C/22	0	
GLU/C/23	0	
ASP/C/24	0	
GLY/C/25	0	
LEU/C/26	0	
LEU/C/27	0	
GLY/C/28	0	
THR/C/29	0	
GLU/C/30	0	
ILE/C/31	0	
ASP/C/32	0	
VAL/C/33	0	
VAL/C/34	0	
ALA/C/35	0	
VAL/C/36	0	
VAL/C/37	0	
ASP/C/38	0	
MET/C/39	0	
ASN/C/40	0	
THR/C/41	0	
ASP/C/42	0	
ALA/C/43	0	
GLU/C/44	0	
TYR/C/45	0	
PHE/C/46	0	
ALA/C/47	0	
TYR/C/48	0	
GLN/C/49	0	
MET/C/50	0	
ARG/C/51	0	
TYR/C/52	0	
ASP/C/53	0	
THR/C/54	0	
VAL/C/55	0	
HIS/C/56	0	
GLY/C/57	0	
LYS/C/58	0	
PHE/C/59	0	
LYS/C/60	0	
TYR/C/61	0	
GLU/C/62	0	
VAL/C/63	0	
THR/C/64	0	
THR/C/65	0	
THR/C/66	0	
LYS/C/67	0	
SER/C/68	0	
SER/C/69	0	
PRO/C/70	0	
SER/C/71	0	
VAL/C/72	0	
ALA/C/73	0	
LYS/C/74	0	
ASP/C/75	0	
ASP/C/76	0	
THR/C/77	0	
LEU/C/78	0	
VAL/C/79	0	
VAL/C/80	0	
ASN/C/81	0	
GLY/C/82	0	
HIS/C/83	0	
ARG/C/84	0	
ILE/C/85	0	
LEU/C/86	0	
CYS/C/87	0	
VAL/C/88	0	
LYS/C/89	0	
ALA/C/90	0	
GLN/C/91	0	
ARG/C/92	0	
ASN/C/93	0	
PRO/C/94	0	
ALA/C/95	0	
ASP/C/96	0	
LEU/C/97	0	
PRO/C/98	0	
TRP/C/99	0	
GLY/C/100	0	
LYS/C/101	0	
LEU/C/102	0	
GLY/C/103	0	
VAL/C/104	0	
GLU/C/105	0	
TYR/C/106	0	
VAL/C/107	0	
ILE/C/108	0	
GLU/C/109	0	
SER/C/110	0	
THR/C/111	0	
GLY/C/112	0	
LEU/C/113	0	
PHE/C/114	0	
THR/C/115	0	
ALA/C/116	0	
LYS/C/117	0	
ALA/C/118	0	
ALA/C/119	0	
ALA/C/120	0	
GLU/C/121	0	
GLY/C/122	0	
HIS/C/123	0	
LEU/C/124	0	
ARG/C/125	0	
GLY/C/126	0	
GLY/C/127	0	
ALA/C/128	0	
ARG/C/129	0	
LYS/C/130	0	
VAL/C/131	0	
VAL/C/132	0	
ILE/C/133	0	
SER/C/134	11.251	
ALA/C/135	3.76266	
PRO/C/136	6.34665	
ALA/C/137	0	
SER/C/138	0	
GLY/C/139	0	
GLY/C/140	0	
ALA/C/141	0	
LYS/C/142	0	
THR/C/143	0	
LEU/C/144	0	
VAL/C/145	0	
MET/C/146	0	
GLY/C/147	0	
VAL/C/148	0	
ASN/C/149	0	
HIS/C/150	0	
HIS/C/151	0	
GLU/C/152	0	
TYR/C/153	0	
ASN/C/154	0	
PRO/C/155	0	
SER/C/156	0	
GLU/C/157	0	
HIS/C/158	0	
HIS/C/159	0	
VAL/C/160	0	
VAL/C/161	0	
SER/C/162	0	
ASN/C/163	0	
ALA/C/164	2.15341	
SER/C/165	72.8064	
CYS/C/166	210.106	
THR/C/167	42.1504	
THR/C/168	0	
ASN/C/169	0	
CYS/C/170	0	
LEU/C/171	0	
ALA/C/172	0	
PRO/C/173	0	
ILE/C/174	0	
VAL/C/175	0	
HIS/C/176	0	
VAL/C/177	0	
LEU/C/178	0	
VAL/C/179	0	
LYS/C/180	0	
GLU/C/181	0	
GLY/C/182	0	
PHE/C/183	0	
GLY/C/184	0	
VAL/C/185	0	
GLN/C/186	0	
THR/C/187	0	
GLY/C/188	0	
LEU/C/189	0	
MET/C/190	0	
THR/C/191	0	
THR/C/192	0	
ILE/C/193	0	
HIS/C/194	165.338	
SER/C/195	0	
TYR/C/196	0	
THR/C/197	147.333	
ALA/C/198	0	
THR/C/199	158.995	
GLN/C/200	0	
LYS/C/201	0	
THR/C/202	0	
VAL/C/203	0	
ASP/C/204	0	
GLY/C/205	0	
VAL/C/206	0	
SER/C/207	0	
VAL/C/208	0	
LYS/C/209	0	
ASP/C/210	26.4475	
TRP/C/211	0	
ARG/C/212	0	
GLY/C/213	0.292312	
GLY/C/214	0	
ARG/C/215	0	
ALA/C/216	0	
ALA/C/217	0	
ALA/C/218	0	
VAL/C/219	0	
ASN/C/220	0	
ILE/C/221	0	
ILE/C/222	0	
PRO/C/223	0	
SER/C/224	12.5068	
THR/C/225	2.85599	
THR/C/226	0	
GLY/C/227	0	
ALA/C/228	0	
ALA/C/229	0	
LYS/C/230	0	
ALA/C/231	0	
VAL/C/232	0	
GLY/C/233	0	
MET/C/234	0	
VAL/C/235	0	
ILE/C/236	0	
PRO/C/237	0	
SER/C/238	0	
THR/C/239	0	
GLN/C/240	0	
GLY/C/241	0	
LYS/C/242	0	
LEU/C/243	0	
THR/C/244	0	
GLY/C/245	0	
MET/C/246	0	
SER/C/247	0	
PHE/C/248	0	
ARG/C/249	88.5959	
VAL/C/250	0	
PRO/C/251	0	
THR/C/252	0	
PRO/C/253	0	
ASP/C/254	0	
VAL/C/255	0	
SER/C/256	0	
VAL/C/257	0	
VAL/C/258	0	
ASP/C/259	0	
LEU/C/260	0	
THR/C/261	0	
PHE/C/262	0	
THR/C/263	0	
ALA/C/264	0	
ALA/C/265	0	
ARG/C/266	0	
ASP/C/267	0	
THR/C/268	0	
SER/C/269	0	
ILE/C/270	0	
GLN/C/271	0	
GLU/C/272	0	
ILE/C/273	0	
ASP/C/274	0	
ALA/C/275	0	
ALA/C/276	0	
LEU/C/277	0	
LYS/C/278	0	
ARG/C/279	0	
ALA/C/280	0	
SER/C/281	0	
LYS/C/282	0	
THR/C/283	0	
TYR/C/284	0	
MET/C/285	0	
LYS/C/286	0	
GLY/C/287	0	
ILE/C/288	0	
LEU/C/289	0	
GLY/C/290	0	
TYR/C/291	0	
THR/C/292	0	
ASP/C/293	0	
GLU/C/294	0	
GLU/C/295	0	
LEU/C/296	0	
VAL/C/297	0	
SER/C/298	0	
ALA/C/299	0	
ASP/C/300	0	
PHE/C/301	0	
ILE/C/302	0	
ASN/C/303	0	
ASP/C/304	0	
ASN/C/305	0	
ARG/C/306	0	
SER/C/307	0	
SER/C/308	0	
ILE/C/309	0	
TYR/C/310	0	
ASP/C/311	0	
SER/C/312	0	
LYS/C/313	0	
ALA/C/314	0	
THR/C/315	0	
LEU/C/316	0	
GLN/C/317	0	
ASN/C/318	0	
ASN/C/319	0	
LEU/C/320	0	
PRO/C/321	0	
LYS/C/322	0	
GLU/C/323	0	
ARG/C/324	0	
ARG/C/325	0	
PHE/C/326	0	
PHE/C/327	0	
LYS/C/328	0	
ILE/C/329	0	
VAL/C/330	0	
SER/C/331	0	
TRP/C/332	0	
TYR/C/333	6.76993	
ASP/C/334	0	
ASN/C/335	89.2552	
GLU/C/336	22.7405	
TRP/C/337	0	
GLY/C/338	0	
TYR/C/339	53.1613	
SER/C/340	0	
HIS/C/341	0	
ARG/C/342	0	
VAL/C/343	0	
VAL/C/344	0	
ASP/C/345	0	
LEU/C/346	0	
VAL/C/347	0	
ARG/C/348	0	
HIS/C/349	0	
MET/C/350	0	
ALA/C/351	0	
SER/C/352	0	
LYS/C/353	0	
ASP/C/354	0	
ARG/C/355	0	
SER/C/356	0	
ALA/C/357	0	
ARG/C/358	0	
LEU/C/359	0	
MET/D/1	0	
PRO/D/2	0	
ILE/D/3	0	
LYS/D/4	0	
VAL/D/5	0	
GLY/D/6	0	
ILE/D/7	0	
ASN/D/8	0	
GLY/D/9	0	
PHE/D/10	0	
GLY/D/11	0	
ARG/D/12	0	
ILE/D/13	0	
GLY/D/14	0	
ARG/D/15	0	
MET/D/16	0	
VAL/D/17	0	
PHE/D/18	0	
GLN/D/19	0	
ALA/D/20	0	
LEU/D/21	0	
CYS/D/22	0	
GLU/D/23	0	
ASP/D/24	0	
GLY/D/25	0	
LEU/D/26	0	
LEU/D/27	0	
GLY/D/28	0	
THR/D/29	0	
GLU/D/30	0	
ILE/D/31	0	
ASP/D/32	0	
VAL/D/33	0	
VAL/D/34	0	
ALA/D/35	0	
VAL/D/36	0	
VAL/D/37	0	
ASP/D/38	0	
MET/D/39	0	
ASN/D/40	0	
THR/D/41	0	
ASP/D/42	0	
ALA/D/43	0	
GLU/D/44	0	
TYR/D/45	0	
PHE/D/46	0	
ALA/D/47	0	
TYR/D/48	0	
GLN/D/49	0	
MET/D/50	0	
ARG/D/51	0	
TYR/D/52	0	
ASP/D/53	0	
THR/D/54	0	
VAL/D/55	0	
HIS/D/56	0	
GLY/D/57	0	
LYS/D/58	0	
PHE/D/59	0	
LYS/D/60	0	
TYR/D/61	0	
GLU/D/62	0	
VAL/D/63	0	
THR/D/64	0	
THR/D/65	0	
THR/D/66	0	
LYS/D/67	0	
SER/D/68	0	
SER/D/69	0	
PRO/D/70	0	
SER/D/71	0	
VAL/D/72	0	
ALA/D/73	0	
LYS/D/74	0	
ASP/D/75	0	
ASP/D/76	0	
THR/D/77	0	
LEU/D/78	0	
VAL/D/79	0	
VAL/D/80	0	
ASN/D/81	0	
GLY/D/82	0	
HIS/D/83	0	
ARG/D/84	0	
ILE/D/85	0	
LEU/D/86	0	
CYS/D/87	0	
VAL/D/88	0	
LYS/D/89	0	
ALA/D/90	0	
GLN/D/91	0	
ARG/D/92	0	
ASN/D/93	0	
PRO/D/94	0	
ALA/D/95	0	
ASP/D/96	0	
LEU/D/97	0	
PRO/D/98	0	
TRP/D/99	0	
GLY/D/100	0	
LYS/D/101	0	
LEU/D/102	0	
GLY/D/103	0	
VAL/D/104	0	
GLU/D/105	0	
TYR/D/106	0	
VAL/D/107	0	
ILE/D/108	0	
GLU/D/109	0	
SER/D/110	0	
THR/D/111	0	
GLY/D/112	0	
LEU/D/113	0	
PHE/D/114	0	
THR/D/115	0	
ALA/D/116	0	
LYS/D/117	0	
ALA/D/118	0	
ALA/D/119	0	
ALA/D/120	0	
GLU/D/121	0	
GLY/D/122	0	
HIS/D/123	0	
LEU/D/124	0	
ARG/D/125	0	
GLY/D/126	0	
GLY/D/127	0	
ALA/D/128	0	
ARG/D/129	0	
LYS/D/130	0	
VAL/D/131	0	
VAL/D/132	0	
ILE/D/133	0	
SER/D/134	0	
ALA/D/135	0	
PRO/D/136	0	
ALA/D/137	0	
SER/D/138	0	
GLY/D/139	0	
GLY/D/140	0	
ALA/D/141	0	
LYS/D/142	0	
THR/D/143	0	
LEU/D/144	0	
VAL/D/145	0	
MET/D/146	0	
GLY/D/147	0	
VAL/D/148	0	
ASN/D/149	0	
HIS/D/150	0	
HIS/D/151	0	
GLU/D/152	0	
TYR/D/153	0	
ASN/D/154	0	
PRO/D/155	0	
SER/D/156	0	
GLU/D/157	0	
HIS/D/158	0	
HIS/D/159	0	
VAL/D/160	0	
VAL/D/161	0	
SER/D/162	0	
ASN/D/163	0	
ALA/D/164	0	
SER/D/165	0	
CYS/D/166	0	
THR/D/167	0	
THR/D/168	0	
ASN/D/169	0	
CYS/D/170	0	
LEU/D/171	0	
ALA/D/172	0	
PRO/D/173	0	
ILE/D/174	0	
VAL/D/175	0	
HIS/D/176	0	
VAL/D/177	0	
LEU/D/178	0	
VAL/D/179	0	
LYS/D/180	0	
GLU/D/181	0	
GLY/D/182	0	
PHE/D/183	0	
GLY/D/184	0	
VAL/D/185	0	
GLN/D/186	0	
THR/D/187	0	
GLY/D/188	0	
LEU/D/189	0	
MET/D/190	0	
THR/D/191	0	
THR/D/192	0	
ILE/D/193	0	
HIS/D/194	0	
SER/D/195	0	
TYR/D/196	0	
THR/D/197	0	
ALA/D/198	0	
THR/D/199	0	
GLN/D/200	0	
LYS/D/201	0	
THR/D/202	0	
VAL/D/203	0	
ASP/D/204	0	
GLY/D/205	0	
VAL/D/206	0	
SER/D/207	0	
VAL/D/208	0	
LYS/D/209	0	
ASP/D/210	0	
TRP/D/211	0	
ARG/D/212	0	
GLY/D/213	0	
GLY/D/214	0	
ARG/D/215	0	
ALA/D/216	0	
ALA/D/217	0	
ALA/D/218	0	
VAL/D/219	0	
ASN/D/220	0	
ILE/D/221	0	
ILE/D/222	0	
PRO/D/223	0	
SER/D/224	0	
THR/D/225	0	
THR/D/226	0	
GLY/D/227	0	
ALA/D/228	0	
ALA/D/229	0	
LYS/D/230	0	
ALA/D/231	0	
VAL/D/232	0	
GLY/D/233	0	
MET/D/234	0	
VAL/D/235	0	
ILE/D/236	0	
PRO/D/237	0	
SER/D/238	0	
THR/D/239	0	
GLN/D/240	0	
GLY/D/241	0	
LYS/D/242	0	
LEU/D/243	0	
THR/D/244	0	
GLY/D/245	0	
MET/D/246	0	
SER/D/247	0	
PHE/D/248	0	
ARG/D/249	0	
VAL/D/250	0	
PRO/D/251	0	
THR/D/252	0	
PRO/D/253	0	
ASP/D/254	0	
VAL/D/255	0	
SER/D/256	0	
VAL/D/257	0	
VAL/D/258	0	
ASP/D/259	0	
LEU/D/260	0	
THR/D/261	0	
PHE/D/262	0	
THR/D/263	0	
ALA/D/264	0	
ALA/D/265	0	
ARG/D/266	0	
ASP/D/267	0	
THR/D/268	0	
SER/D/269	0	
ILE/D/270	0	
GLN/D/271	0	
GLU/D/272	0	
ILE/D/273	0	
ASP/D/274	0	
ALA/D/275	0	
ALA/D/276	0	
LEU/D/277	0	
LYS/D/278	0	
ARG/D/279	0	
ALA/D/280	0	
SER/D/281	0	
LYS/D/282	0	
THR/D/283	0	
TYR/D/284	0	
MET/D/285	0	
LYS/D/286	0	
GLY/D/287	0	
ILE/D/288	0	
LEU/D/289	0	
GLY/D/290	0	
TYR/D/291	0	
THR/D/292	0	
ASP/D/293	0	
GLU/D/294	0	
GLU/D/295	0	
LEU/D/296	0	
VAL/D/297	0	
SER/D/298	0	
ALA/D/299	0	
ASP/D/300	0	
PHE/D/301	0	
ILE/D/302	0	
ASN/D/303	0	
ASP/D/304	0	
ASN/D/305	0	
ARG/D/306	0	
SER/D/307	0	
SER/D/308	0	
ILE/D/309	0	
TYR/D/310	0	
ASP/D/311	0	
SER/D/312	0	
LYS/D/313	0	
ALA/D/314	0	
THR/D/315	0	
LEU/D/316	0	
GLN/D/317	0	
ASN/D/318	0	
ASN/D/319	0	
LEU/D/320	0	
PRO/D/321	0	
LYS/D/322	0	
GLU/D/323	0	
ARG/D/324	0	
ARG/D/325	0	
PHE/D/326	0	
PHE/D/327	0	
LYS/D/328	0	
ILE/D/329	0	
VAL/D/330	0	
SER/D/331	0	
TRP/D/332	0	
TYR/D/333	0	
ASP/D/334	0	
ASN/D/335	0	
GLU/D/336	0	
TRP/D/337	0	
GLY/D/338	0	
TYR/D/339	0	
SER/D/340	0	
HIS/D/341	0	
ARG/D/342	0	
VAL/D/343	0	
VAL/D/344	0	
ASP/D/345	0	
LEU/D/346	0	
VAL/D/347	0	
ARG/D/348	0	
HIS/D/349	0	
MET/D/350	0	
ALA/D/351	0	
SER/D/352	0	
LYS/D/353	0	
ASP/D/354	0	
ARG/D/355	0	
SER/D/356	0	
ALA/D/357	0	
ARG/D/358	0	
LEU/D/359	0	
