{
  "obj": {
    "adu":  "Arachis Duranensis [Wild Peanut]",
    "aip":  "Arachis Ipaensis [Wild Peanut]",
    "aly":  "Arabidopsis Lyrata (Lyrate Rockcress)",
    "aof":  "Asparagus officinalis (Garden asparagus)",
    "apro": "Auxenochlorella protothecoides (Green algae)",
    "ath":  "Arabidopsis Thaliana (Thale Cress)",
    "atr":  "Amborella Trichopoda [Flowering Evergreen]",
    "ats":  "Aegilops tauschii (Tausch's goatgrass)",
    "bdi":  "Brachypodium distachyon (Purple false brome)",
    "bna":  "Brassica napus (Rapeseed)",
    "boe":  "Brassica oleracea (Wild Cabbage)",
    "bpg":  "Bathycoccus Prasinos [Picoplankton]",
    "brp":  "Brassica rapa (Field Mustard)",
    "bvg":  "Beta Vulgaris (Sugar Beet)",
    "cam":  "Cicer arietinum (Chickpea)",
    "cann": "Capsicum Annuum (Sweet And Chilli Peppers)",
    "ccaj": "Cajanus cajan (Pigeon Pea)",
    "ccav": "Cynara cardunculus var. scolymus (Artichoke)",
    "ccp":  "Chondrus Crispus (Carragheen Moss)",
    "cic":  "Citrus Clementina (Mandarin Orange)",
    "cit":  "Citrus Sinensis (Valencia Orange)",
    "cmax": "Cucurbita Maxima (Winter Squash)",
    "cme":  "Cyanidioschyzon Merolae [Red Algae]",
    "cmo":  "Cucumis melo (Muskmelon)",
    "cmos": "Cucurbita Moschata (Crookneck Pumpkin)",
    "cpap": "Carica papaya (Papaya)",
    "cpep": "Cucurbita Pepo Subsp. Pepo (Vegetable Marrow)",
    "cqi":  "Chenopodium quinoa (Quinoa)",
    "crb":  "Capsella rubella (Pink shepherd's-purse)",
    "cre":  "Chlamydomonas reinhardtii (Single-cell algae)",
    "csat": "Camelina Sativa (False Flax)",
    "csl":  "Coccomyxa subellipsoidea (Microalga)",
    "csv":  "Cucumis sativus (Cucumber)",
    "cvr":  "Chlorella variabilis (Single-cell algae)",
    "dcr":  "Daucus carota (Carrot)",
    "dct":  "Dendrobium catenatum (Chained Dendrobium)",
    "dosa": "Oryza Sativa Japonica (Japanese Rice) RAPDB",
    "dzi":  "Durio zibethinus (Durian)",
    "egr":  "Eucalyptus grandis (Rose gum)",
    "egu":  "Elaeis guineensis (African oil palm)",
    "eus":  "Eutrema salsugineum (Salt cress)",
    "fve":  "Fragaria vesca (Wild strawberry)",
    "gab":  "Gossypium arboreum (Tree cotton)",
    "ghi":  "Gossypium hirsutum (Mexican cotton)",
    "gmx":  "Glycine max (Soybean)",
    "gra":  "Gossypium Raimondii (Peruvian Cotton)",
    "gsj":  "Glycine Soja (Wild Soybean)",
    "gsl":  "Galdieria Sulphuraria [Algae]",
    "han":  "Helianthus annuus (Common sunflower)",
    "hbr":  "Hevea brasiliensis (Para rubber tree)",
    "ini":  "Ipomoea nil (Japanese morning glory)",
    "jcu":  "Jatropha curcas (Barbados nut)",
    "jre":  "Juglans regia (English walnut)",
    "lang": "Lupinus Angustifolius (Narrow-leaved Blue Lupine)",
    "lja":  "Lotus Japonicus (Birdsfoot Trefoil)",
    "lsv":  "Lactuca Sativa (Garden Lettuce)",
    "mcha": "Momordica charantia (Bitter melon)",
    "mdm":  "Malus domestica (Apple)",
    "mesc": "Manihot esculenta (Cassava)",
    "mis":  "Micromonas commoda (Green algae)",
    "mng":  "Monoraphidium neglectum (Single-cell green algae)",
    "mpp":  "Micromonas pusilla (Green algae)",
    "mtr":  "Medicago Truncatula (Barrel Medic)",
    "mus":  "Musa acuminata (Southeast asian banana)",
    "nau":  "Nicotiana attenuata (Wild tobacco)",
    "nnu":  "Nelumbo nucifera (Sacred lotus)",
    "nsy":  "Nicotiana sylvestris (Woodland tobacco)",
    "nta":  "Nicotiana tabacum (Cultivated tobacco)",
    "nto":  "Nicotiana Tomentosiformis (Yungas Valley Tobacco)",
    "obr":  "Oryza Brachyantha [Wild Rice]",
    "oeu":  "Olea Europaea Var. Sylvestris (Wild European Olive)",
    "olu":  "Ostreococcus Lucimarinus [Green Algae]",
    "osa":  "Oryza Sativa Japonica (Japanese Rice) RefSeq",
    "ota":  "Ostreococcus tauri (Marine green algae)",
    "pavi": "Prunus avium (Sweet cherry)",
    "pda":  "Phoenix dactylifera (Date palm)",
    "peq":  "Phalaenopsis Equestris (Moth Orchid)",
    "peu":  "Populus euphratica (Euphrates poplar)",
    "pmum": "Prunus mume (Plum blossom)",
    "pop":  "Populus trichocarpa (Black cottonwood)",
    "pper": "Prunus persica (Peach)",
    "ppp":  "Physcomitrella Patens Subsp. Patens (Spreading Earthmoss)",
    "psom": "Papaver somniferum (Opium poppy)",
    "pvu":  "Phaseolus vulgaris (Common bean)",
    "pxb":  "Pyrus x bretschneideri (Chinese white pear)",
    "qsu":  "Quercus suber (Cork oak)",
    "rcn":  "Rosa Chinensis (China Rose)",
    "rcu":  "Ricinus communis (Castor bean)",
    "sbi":  "Sorghum Bicolor (Sorghum)",
    "sind": "Sesamum indicum (Sesame)",
    "sita": "Setaria italica (Foxtail millet)",
    "sly":  "Solanum lycopersicum (Tomato)",
    "smo":  "Selaginella Moellendorffii (Spikemoss)",
    "soe":  "Spinacia oleracea (Spinach)",
    "sot":  "Solanum tuberosum (Potato)",
    "spen": "Solanum pennellii (Wild andean tomato)",
    "tcc":  "Theobroma cacao (Cocoa tree)",
    "thj":  "Tarenaya hassleriana (Spider flower)",
    "var":  "Vigna angularis (Adzuki bean)",
    "vcn":  "Volvox carteri f. nagariensis (Fierce roller)",
    "vra":  "Vigna radiata (Mung bean)",
    "vun":  "Vigna Unguiculata (Cowpea)",
    "vvi":  "Vitis Vinifera (Wine Grape)",
    "zju":  "Ziziphus jujuba (Chinese date)",
    "zma":  "Zea mays (Corn)"
  }
}
