{
  "obj": {
    "ats": "Aegilops tauschii",
    "atr": "Amborella trichopoda",
    "aly": "Arabidopsis lyrata",
    "ath": "Arabidopsis thaliana",
    "adu": "Arachis duranensis",
    "aip": "Arachis ipaensis",
    "aof": "Asparagus officinalis",
    "apro": "Auxenochlorella protothecoides",
    "bpg": "Bathycoccus prasinos",
    "bvg": "Beta vulgaris",
    "bdi": "Brachypodium distachyon",
    "bna": "Brassica napus",
    "boe": "Brassica oleracea",
    "brp": "Brassica rapa",
    "ccaj": "Cajanus cajan",
    "csat": "Camelina sativa",
    "crb": "Capsella rubella",
    "cann": "Capsicum annuum",
    "cpap": "Carica papaya",
    "cqi": "Chenopodium quinoa",
    "cre": "Chlamydomonas reinhardtii",
    "cvr": "Chlorella variabilis",
    "ccp": "Chondrus crispus",
    "cam": "Cicer arietinum",
    "cic": "Citrus clementina",
    "cit": "Citrus sinensis",
    "csl": "Coccomyxa subellipsoidea",
    "cmo": "Cucumis melo",
    "csv": "Cucumis sativus",
    "cmax": "Cucurbita maxima",
    "cmos": "Cucurbita moschata",
    "cpep": "Cucurbita pepo subsp. pepo",
    "cme": "Cyanidioschyzon merolae",
    "ccav": "Cynara cardunculus var. scolymus",
    "dcr": "Daucus carota",
    "dct": "Dendrobium catenatum",
    "dzi": "Durio zibethinus",
    "egu": "Elaeis guineensis",
    "egr": "Eucalyptus grandis",
    "eus": "Eutrema salsugineum",
    "fve": "Fragaria vesca",
    "gsl": "Galdieria sulphuraria",
    "gmx": "Glycine max",
    "gab": "Gossypium arboreum",
    "ghi": "Gossypium hirsutum",
    "gra": "Gossypium raimondii",
    "han": "Helianthus annuus",
    "hbr": "Hevea brasiliensis",
    "ini": "Ipomoea nil",
    "jcu": "Jatropha curcas",
    "jre": "Juglans regia",
    "lsv": "Lactuca sativa",
    "lja": "Lotus japonicus",
    "lang": "Lupinus angustifolius",
    "mdm": "Malus domestica",
    "mesc": "Manihot esculenta",
    "mis": "Micromonas commoda",
    "mpp": "Micromonas pusilla",
    "mcha": "Momordica charantia",
    "mng": "Monoraphidium neglectum",
    "mus": "Musa acuminata",
    "nnu": "Nelumbo nucifera",
    "nau": "Nicotiana attenuata",
    "nsy": "Nicotiana sylvestris",
    "nta": "Nicotiana tabacum",
    "nto": "Nicotiana tomentosiformis",
    "oeu": "Olea europaea v. sylvestris",
    "obr": "Oryza brachyantha",
    "dosa": "Oryza sativa japonica RAPDB",
    "osa": "Oryza sativa japonica RefSeq",
    "olu": "Ostreococcus lucimarinus",
    "ota": "Ostreococcus tauri",
    "psom": "Papaver somniferum",
    "peq": "Phalaenopsis equestris",
    "pvu": "Phaseolus vulgaris",
    "pda": "Phoenix dactylifera",
    "ppp": "Physcomitrium patens subsp. Patens",
    "pop": "Populus trichocarpa",
    "peu": "Populus euphratica",
    "pavi": "Prunus avium",
    "pmum": "Prunus mume",
    "pper": "Prunus persica",
    "pxb": "Pyrus x bretschneideri",
    "qsu": "Quercus suber",
    "rcu": "Ricinus communis",
    "smo": "Selaginella moellendorffii",
    "sind": "Sesamum indicum",
    "sita": "Setaria italica",
    "sly": "Solanum lycopersicum",
    "spen": "Solanum pennellii",
    "sot": "Solanum tuberosum",
    "sbi": "Sorghum bicolor",
    "soe": "Spinacia oleracea",
    "thj": "Tarenaya hassleriana",
    "tcc": "Theobroma cacao",
    "var": "Vigna angularis",
    "vra": "Vigna radiata",
    "vvi": "Vitis vinifera",
    "vcn": "Volvox carteri f. nagariensis",
    "zma": "Zea mays",
    "zju": "Ziziphus jujuba",
    "gsj": "Glycine soja",
    "mtr": "Medicago truncatula",
    "rcn": "Rosa chinensis",
    "vun": "Vigna unguiculata"
  }
}
