LIGAND<-PROTEIN	667/A/264	
HIS/A/3	0	
HIS/A/4	0	
TRP/A/5	0	
GLY/A/6	0	
TYR/A/7	0	
GLY/A/8	0	
LYS/A/9	0	
HIS/A/10	0	
ASN/A/11	0	
GLY/A/12	0	
PRO/A/13	0	
GLU/A/14	0	
HIS/A/15	0	
TRP/A/16	0	
HIS/A/17	0	
LYS/A/18	0	
ASP/A/19	0	
PHE/A/20	0	
PRO/A/21	0	
ILE/A/22	0	
ALA/A/23	0	
LYS/A/24	0	
GLY/A/25	0	
GLU/A/26	0	
ARG/A/27	0	
GLN/A/28	0	
SER/A/29	0	
PRO/A/30	0	
VAL/A/31	0	
ASP/A/32	0	
ILE/A/33	0	
ASP/A/34	0	
THR/A/35	0	
HIS/A/36	0	
THR/A/37	0	
ALA/A/38	0	
LYS/A/39	0	
TYR/A/40	0	
ASP/A/41	0	
PRO/A/42	0	
SER/A/43	0	
LEU/A/44	0	
LYS/A/45	0	
PRO/A/46	0	
LEU/A/47	0	
SER/A/48	0	
VAL/A/49	0	
SER/A/50	0	
TYR/A/51	0	
ASP/A/52	0	
GLN/A/53	0	
ALA/A/54	0	
THR/A/55	0	
SER/A/56	0	
LEU/A/57	0	
ARG/A/58	0	
ILE/A/59	0	
LEU/A/60	0	
ASN/A/61	0	
ASN/A/62	0	
GLY/A/63	0	
HIS/A/64	0	
ALA/A/65	0	
PHE/A/66	0	
ASN/A/67	0	
VAL/A/68	0	
GLU/A/69	0	
PHE/A/70	0	
ASP/A/71	0	
ASP/A/72	0	
SER/A/73	0	
GLN/A/74	0	
ASP/A/75	0	
LYS/A/76	0	
ALA/A/77	0	
VAL/A/78	0	
LEU/A/79	0	
LYS/A/80	0	
GLY/A/81	0	
GLY/A/82	0	
PRO/A/83	0	
LEU/A/84	0	
ASP/A/85	0	
GLY/A/86	0	
THR/A/87	0	
TYR/A/88	0	
ARG/A/89	0	
LEU/A/90	0	
ILE/A/91	16.4971	
GLN/A/92	97.1153	
PHE/A/93	0	
HIS/A/94	148.419	
PHE/A/95	0	
HIS/A/96	28.0273	
TRP/A/97	0	
GLY/A/98	0	
SER/A/99	0	
LEU/A/100	0	
ASP/A/101	0	
GLY/A/102	0	
GLN/A/103	0	
GLY/A/104	0	
SER/A/105	0	
GLU/A/106	7.23831	
HIS/A/107	0	
THR/A/108	0	
VAL/A/109	0	
ASP/A/110	0	
LYS/A/111	0	
LYS/A/112	0	
LYS/A/113	0	
TYR/A/114	0	
ALA/A/115	0	
ALA/A/116	0	
GLU/A/117	0	
LEU/A/118	0	
HIS/A/119	51.7803	
LEU/A/120	0	
VAL/A/121	90.456	
HIS/A/122	0	
TRP/A/123	0	
ASN/A/124	0	
THR/A/125	0	
LYS/A/127	0	
TYR/A/128	0	
GLY/A/129	0	
ASP/A/130	0	
PHE/A/131	248.915	
GLY/A/132	0	
LYS/A/133	0	
ALA/A/134	0	
VAL/A/135	43.077	
GLN/A/136	0	
GLN/A/137	0	
PRO/A/138	0	
ASP/A/139	0	
GLY/A/140	0	
LEU/A/141	2.66022	
ALA/A/142	0	
VAL/A/143	31.0764	
LEU/A/144	0	
GLY/A/145	0	
ILE/A/146	0	
PHE/A/147	0	
LEU/A/148	0	
LYS/A/149	0	
VAL/A/150	0	
GLY/A/151	0	
SER/A/152	0	
ALA/A/153	0	
LYS/A/154	0	
PRO/A/155	0	
GLY/A/156	0	
LEU/A/157	0	
GLN/A/158	0	
LYS/A/159	0	
VAL/A/160	0	
VAL/A/161	0	
ASP/A/162	0	
VAL/A/163	0	
LEU/A/164	0	
ASP/A/165	0	
SER/A/166	0	
ILE/A/167	0	
LYS/A/168	0	
THR/A/169	0	
LYS/A/170	0	
GLY/A/171	0	
LYS/A/172	0	
SER/A/173	0	
ALA/A/174	0	
ASP/A/175	0	
PHE/A/176	0	
THR/A/177	0	
ASN/A/178	0	
PHE/A/179	0	
ASP/A/180	0	
PRO/A/181	0	
ARG/A/182	0	
GLY/A/183	0	
LEU/A/184	0	
LEU/A/185	0	
PRO/A/186	0	
GLU/A/187	0	
SER/A/188	0	
LEU/A/189	0	
ASP/A/190	0	
TYR/A/191	0	
TRP/A/192	0	
THR/A/193	0	
TYR/A/194	0	
PRO/A/195	0	
GLY/A/196	0	
SER/A/197	3.33371	
LEU/A/198	357.34	
THR/A/199	94.4326	
THR/A/200	163.665	
PRO/A/201	35.8322	
PRO/A/202	106.575	
LEU/A/203	0.27128	
LEU/A/204	11.8646	
GLU/A/205	0	
CYS/A/206	0	
VAL/A/207	1.54839	
THR/A/208	0	
TRP/A/209	34.9964	
ILE/A/210	0	
VAL/A/211	0	
LEU/A/212	0	
LYS/A/213	0	
GLU/A/214	0	
PRO/A/215	0	
ILE/A/216	0	
SER/A/217	0	
VAL/A/218	0	
SER/A/219	0	
SER/A/220	0	
GLU/A/221	0	
GLN/A/222	0	
VAL/A/223	0	
LEU/A/224	0	
LYS/A/225	0	
PHE/A/226	0	
ARG/A/227	0	
LYS/A/228	0	
LEU/A/229	0	
ASN/A/230	0	
PHE/A/231	0	
ASN/A/232	0	
GLY/A/233	0	
GLU/A/234	0	
GLY/A/235	0	
GLU/A/236	0	
PRO/A/237	0	
GLU/A/238	0	
GLU/A/239	0	
LEU/A/240	0	
MET/A/241	0	
VAL/A/242	0	
ASP/A/243	0	
ASN/A/244	0	
TRP/A/245	0	
ARG/A/246	0	
PRO/A/247	0	
ALA/A/248	0	
GLN/A/249	0	
PRO/A/250	0	
LEU/A/251	0	
LYS/A/252	0	
ASN/A/253	0	
ARG/A/254	0	
GLN/A/255	0	
ILE/A/256	0	
LYS/A/257	0	
ALA/A/258	0	
SER/A/259	0	
PHE/A/260	0	
LYS/A/261	0	
