LIGAND<-PROTEIN	DIC/A/244	
ILE/A/16	0	
LEU/A/17	0	
GLY/A/18	0	
GLY/A/19	0	
ARG/A/20	0	
GLU/A/21	0	
ALA/A/22	0	
GLU/A/23	0	
ALA/A/24	0	
HIS/A/25	0	
ALA/A/26	0	
ARG/A/27	0	
PRO/A/28	0	
TYR/A/29	0	
MET/A/30	0	
ALA/A/31	0	
SER/A/32	0	
VAL/A/33	0	
GLN/A/34	0	
LEU/A/35	0	
ASN/A/36	0	
GLY/A/38	0	
ALA/A/39	0	
HIS/A/40	0	
LEU/A/41	0.410686	
CYS/A/42	7.65364	
GLY/A/43	0	
GLY/A/44	0	
VAL/A/45	0	
LEU/A/46	0	
VAL/A/47	0	
ALA/A/48	0	
GLU/A/49	0	
GLN/A/50	0	
TRP/A/51	0	
VAL/A/52	0	
LEU/A/53	0	
SER/A/54	0	
ALA/A/55	0	
ALA/A/56	0	
HIS/A/57	0	
CYS/A/58	3.23586	
LEU/A/59	0	
GLU/A/60	0	
ASP/A/61	0	
ALA/A/61A	0	
ALA/A/61B	0	
ASP/A/61C	0	
GLY/A/62	0	
LYS/A/63	0	
VAL/A/64	0	
GLN/A/65	0	
VAL/A/66	0	
LEU/A/67	0	
LEU/A/68	0	
GLY/A/69	0	
ALA/A/70	0	
HIS/A/71	0	
SER/A/72	0	
LEU/A/73	0	
SER/A/74	0	
GLN/A/75	0	
PRO/A/76	0	
GLU/A/77	0	
PRO/A/78	0	
SER/A/79	0	
LYS/A/80	0	
ARG/A/81	0	
LEU/A/82	0	
TYR/A/83	0	
ASP/A/84	0	
VAL/A/85	0	
LEU/A/86	0	
ARG/A/87	0	
ALA/A/88	0	
VAL/A/89	0	
PRO/A/90	0	
HIS/A/91	0	
PRO/A/92	0	
ASP/A/93	0	
SER/A/94	0	
GLN/A/95	0	
PRO/A/96	0	
ASP/A/97	0	
THR/A/98	0	
ILE/A/99	0	
ASP/A/100	0	
HIS/A/101	0	
ASP/A/102	0	
LEU/A/103	0	
LEU/A/104	0	
LEU/A/105	0	
LEU/A/106	0	
GLN/A/107	0	
LEU/A/108	0	
SER/A/109	0	
GLU/A/110	0	
LYS/A/111	0	
ALA/A/112	0	
THR/A/113	0	
LEU/A/114	0	
GLY/A/115	0	
PRO/A/118	0	
ALA/A/119	0	
VAL/A/120	0	
ARG/A/121	0	
PRO/A/122	0	
LEU/A/123	0	
PRO/A/124	0	
TRP/A/124A	0	
GLN/A/125	0	
ARG/A/126	0	
VAL/A/127	0	
ASP/A/128	0	
ARG/A/129	0	
ASP/A/129A	0	
VAL/A/130	0	
ALA/A/131	0	
PRO/A/132	0	
GLY/A/133	0	
THR/A/134	0	
LEU/A/135	0	
CYS/A/136	0	
ASP/A/137	0	
VAL/A/138	0	
ALA/A/139	0	
GLY/A/140	0	
TRP/A/141	0	
GLY/A/142	0	
ILE/A/143	0	
VAL/A/144	0	
ASN/A/145	0	
HIS/A/146	0	
ALA/A/147	0	
GLY/A/149	0	
ARG/A/150	0	
ARG/A/151	0	
PRO/A/152	0	
ASP/A/153	0	
SER/A/154	0	
LEU/A/155	0	
GLN/A/156	0	
HIS/A/157	0	
VAL/A/158	0	
LEU/A/159	0	
LEU/A/160	0	
PRO/A/161	0	
VAL/A/162	0	
LEU/A/163	0	
ASP/A/164	0	
ARG/A/165	0	
ALA/A/166	0	
THR/A/167	0	
CYS/A/168	0	
ASN/A/169	0	
ARG/A/170	0	
ARG/A/170A	0	
THR/A/170B	0	
HIS/A/171	0	
HIS/A/172	0	
ASP/A/173	0	
GLY/A/174	0	
ALA/A/175	0	
ILE/A/176	0	
THR/A/177	0	
GLU/A/178	0	
ARG/A/179	0	
LEU/A/180	0	
MET/A/181	0	
CYS/A/182	0	
ALA/A/183	0	
GLU/A/184	0	
SER/A/185	0	
ASN/A/186	0	
ARG/A/187	0	
ARG/A/188	0	
ASP/A/189	0	
SER/A/190	16.4658	
CYS/A/191	96.0018	
LYS/A/192	200.112	
GLY/A/193	33.3628	
ASP/A/194	11.7265	
SER/A/195	173.778	
GLY/A/196	0.924737	
GLY/A/197	0	
PRO/A/198	0	
LEU/A/199	0	
VAL/A/200	0	
CYS/A/201	0	
GLY/A/202	0	
GLY/A/207	0	
VAL/A/208	0	
LEU/A/209	0	
GLU/A/210	0	
GLY/A/211	0	
VAL/A/212	0	
VAL/A/213	24.522	
THR/A/214	42.0869	
SER/A/215	74.3846	
GLY/A/216	134.875	
SER/A/217	48.7357	
ARG/A/218	146.315	
VAL/A/219	1.77742	
CYS/A/220	24.3435	
GLY/A/221	0	
ASN/A/222	0	
ARG/A/223	0	
LYS/A/223A	0	
LYS/A/224	0	
PRO/A/225	0	
GLY/A/226	0	
ILE/A/227	0	
TYR/A/228	0	
THR/A/229	0	
ARG/A/230	0	
VAL/A/231	0	
ALA/A/232	0	
SER/A/233	0	
TYR/A/234	0	
ALA/A/235	0	
ALA/A/236	0	
TRP/A/237	0	
ILE/A/238	0	
ASP/A/239	0	
SER/A/240	0	
VAL/A/241	0	
LEU/A/242	0	
ALA/A/243	0	
